date,medicine,quantity_sold
2023-01-01,Amoxicilline,21
2023-01-02,Amoxicilline,52
2023-01-03,Amoxicilline,48
2023-01-04,Amoxicilline,52
2023-01-05,Amoxicilline,49
2023-01-06,Amoxicilline,58
2023-01-07,Amoxicilline,46
2023-01-08,Amoxicilline,21
2023-01-09,Amoxicilline,30
2023-01-10,Amoxicilline,58
2023-01-11,Amoxicilline,42
2023-01-12,Amoxicilline,39
2023-01-13,Amoxicilline,36
2023-01-14,Amoxicilline,41
2023-01-15,Amoxicilline,34
2023-01-16,Amoxicilline,61
2023-01-17,Amoxicilline,54
2023-01-18,Amoxicilline,47
2023-01-19,Amoxicilline,40
2023-01-20,Amoxicilline,52
2023-01-21,Amoxicilline,39
2023-01-22,Amoxicilline,24
2023-01-23,Amoxicilline,64
2023-01-24,Amoxicilline,64
2023-01-25,Amoxicilline,59
2023-01-26,Amoxicilline,40
2023-01-27,Amoxicilline,59
2023-01-28,Amoxicilline,45
2023-01-29,Amoxicilline,31
2023-01-30,Amoxicilline,57
2023-01-31,Amoxicilline,55
2023-02-01,Amoxicilline,56
2023-02-02,Amoxicilline,52
2023-02-03,Amoxicilline,55
2023-02-04,Amoxicilline,29
2023-02-05,Amoxicilline,30
2023-02-06,Amoxicilline,43
2023-02-07,Amoxicilline,39
2023-02-08,Amoxicilline,64
2023-02-09,Amoxicilline,61
2023-02-10,Amoxicilline,64
2023-02-11,Amoxicilline,42
2023-02-12,Amoxicilline,36
2023-02-13,Amoxicilline,48
2023-02-14,Amoxicilline,51
2023-02-15,Amoxicilline,41
2023-02-16,Amoxicilline,51
2023-02-17,Amoxicilline,53
2023-02-18,Amoxicilline,32
2023-02-19,Amoxicilline,29
2023-02-20,Amoxicilline,47
2023-02-21,Amoxicilline,65
2023-02-22,Amoxicilline,57
2023-02-23,Amoxicilline,48
2023-02-24,Amoxicilline,54
2023-02-25,Amoxicilline,41
2023-02-26,Amoxicilline,28
2023-02-27,Amoxicilline,39
2023-02-28,Amoxicilline,49
2023-03-01,Amoxicilline,32
2023-03-02,Amoxicilline,28
2023-03-03,Amoxicilline,41
2023-03-04,Amoxicilline,32
2023-03-05,Amoxicilline,15
2023-03-06,Amoxicilline,34
2023-03-07,Amoxicilline,43
2023-03-08,Amoxicilline,43
2023-03-09,Amoxicilline,41
2023-03-10,Amoxicilline,38
2023-03-11,Amoxicilline,26
2023-03-12,Amoxicilline,18
2023-03-13,Amoxicilline,37
2023-03-14,Amoxicilline,39
2023-03-15,Amoxicilline,44
2023-03-16,Amoxicilline,41
2023-03-17,Amoxicilline,37
2023-03-18,Amoxicilline,24
2023-03-19,Amoxicilline,20
2023-03-20,Amoxicilline,36
2023-03-21,Amoxicilline,35
2023-03-22,Amoxicilline,33
2023-03-23,Amoxicilline,36
2023-03-24,Amoxicilline,35
2023-03-25,Amoxicilline,27
2023-03-26,Amoxicilline,23
2023-03-27,Amoxicilline,33
2023-03-28,Amoxicilline,38
2023-03-29,Amoxicilline,38
2023-03-30,Amoxicilline,28
2023-03-31,Amoxicilline,35
2023-04-01,Amoxicilline,37
2023-04-02,Amoxicilline,17
2023-04-03,Amoxicilline,23
2023-04-04,Amoxicilline,25
2023-04-05,Amoxicilline,37
2023-04-06,Amoxicilline,35
2023-04-07,Amoxicilline,38
2023-04-08,Amoxicilline,36
2023-04-09,Amoxicilline,12
2023-04-10,Amoxicilline,37
2023-04-11,Amoxicilline,46
2023-04-12,Amoxicilline,30
2023-04-13,Amoxicilline,33
2023-04-14,Amoxicilline,34
2023-04-15,Amoxicilline,26
2023-04-16,Amoxicilline,20
2023-04-17,Amoxicilline,43
2023-04-18,Amoxicilline,48
2023-04-19,Amoxicilline,35
2023-04-20,Amoxicilline,46
2023-04-21,Amoxicilline,39
2023-04-22,Amoxicilline,39
2023-04-23,Amoxicilline,21
2023-04-24,Amoxicilline,36
2023-04-25,Amoxicilline,39
2023-04-26,Amoxicilline,56
2023-04-27,Amoxicilline,40
2023-04-28,Amoxicilline,34
2023-04-29,Amoxicilline,35
2023-04-30,Amoxicilline,20
2023-05-01,Amoxicilline,23
2023-05-02,Amoxicilline,42
2023-05-03,Amoxicilline,37
2023-05-04,Amoxicilline,37
2023-05-05,Amoxicilline,39
2023-05-06,Amoxicilline,32
2023-05-07,Amoxicilline,23
2023-05-08,Amoxicilline,24
2023-05-09,Amoxicilline,41
2023-05-10,Amoxicilline,31
2023-05-11,Amoxicilline,27
2023-05-12,Amoxicilline,38
2023-05-13,Amoxicilline,31
2023-05-14,Amoxicilline,19
2023-05-15,Amoxicilline,40
2023-05-16,Amoxicilline,29
2023-05-17,Amoxicilline,34
2023-05-18,Amoxicilline,32
2023-05-19,Amoxicilline,38
2023-05-20,Amoxicilline,32
2023-05-21,Amoxicilline,18
2023-05-22,Amoxicilline,39
2023-05-23,Amoxicilline,37
2023-05-24,Amoxicilline,25
2023-05-25,Amoxicilline,24
2023-05-26,Amoxicilline,38
2023-05-27,Amoxicilline,29
2023-05-28,Amoxicilline,21
2023-05-29,Amoxicilline,35
2023-05-30,Amoxicilline,38
2023-05-31,Amoxicilline,43
2023-06-01,Amoxicilline,21
2023-06-02,Amoxicilline,23
2023-06-03,Amoxicilline,18
2023-06-04,Amoxicilline,17
2023-06-05,Amoxicilline,31
2023-06-06,Amoxicilline,25
2023-06-07,Amoxicilline,16
2023-06-08,Amoxicilline,18
2023-06-09,Amoxicilline,24
2023-06-10,Amoxicilline,20
2023-06-11,Amoxicilline,15
2023-06-12,Amoxicilline,26
2023-06-13,Amoxicilline,25
2023-06-14,Amoxicilline,32
2023-06-15,Amoxicilline,23
2023-06-16,Amoxicilline,24
2023-06-17,Amoxicilline,24
2023-06-18,Amoxicilline,12
2023-06-19,Amoxicilline,27
2023-06-20,Amoxicilline,27
2023-06-21,Amoxicilline,26
2023-06-22,Amoxicilline,32
2023-06-23,Amoxicilline,25
2023-06-24,Amoxicilline,30
2023-06-25,Amoxicilline,15
2023-06-26,Amoxicilline,20
2023-06-27,Amoxicilline,27
2023-06-28,Amoxicilline,22
2023-06-29,Amoxicilline,22
2023-06-30,Amoxicilline,30
2023-07-01,Amoxicilline,24
2023-07-02,Amoxicilline,14
2023-07-03,Amoxicilline,30
2023-07-04,Amoxicilline,32
2023-07-05,Amoxicilline,33
2023-07-06,Amoxicilline,28
2023-07-07,Amoxicilline,35
2023-07-08,Amoxicilline,15
2023-07-09,Amoxicilline,15
2023-07-10,Amoxicilline,22
2023-07-11,Amoxicilline,27
2023-07-12,Amoxicilline,24
2023-07-13,Amoxicilline,25
2023-07-14,Amoxicilline,37
2023-07-15,Amoxicilline,21
2023-07-16,Amoxicilline,17
2023-07-17,Amoxicilline,25
2023-07-18,Amoxicilline,27
2023-07-19,Amoxicilline,27
2023-07-20,Amoxicilline,28
2023-07-21,Amoxicilline,34
2023-07-22,Amoxicilline,28
2023-07-23,Amoxicilline,17
2023-07-24,Amoxicilline,28
2023-07-25,Amoxicilline,22
2023-07-26,Amoxicilline,27
2023-07-27,Amoxicilline,30
2023-07-28,Amoxicilline,32
2023-07-29,Amoxicilline,23
2023-07-30,Amoxicilline,13
2023-07-31,Amoxicilline,28
2023-08-01,Amoxicilline,32
2023-08-02,Amoxicilline,28
2023-08-03,Amoxicilline,24
2023-08-04,Amoxicilline,30
2023-08-05,Amoxicilline,11
2023-08-06,Amoxicilline,17
2023-08-07,Amoxicilline,10
2023-08-08,Amoxicilline,19
2023-08-09,Amoxicilline,29
2023-08-10,Amoxicilline,28
2023-08-11,Amoxicilline,23
2023-08-12,Amoxicilline,19
2023-08-13,Amoxicilline,20
2023-08-14,Amoxicilline,17
2023-08-15,Amoxicilline,37
2023-08-16,Amoxicilline,27
2023-08-17,Amoxicilline,28
2023-08-18,Amoxicilline,36
2023-08-19,Amoxicilline,23
2023-08-20,Amoxicilline,9
2023-08-21,Amoxicilline,18
2023-08-22,Amoxicilline,27
2023-08-23,Amoxicilline,21
2023-08-24,Amoxicilline,25
2023-08-25,Amoxicilline,25
2023-08-26,Amoxicilline,26
2023-08-27,Amoxicilline,16
2023-08-28,Amoxicilline,25
2023-08-29,Amoxicilline,27
2023-08-30,Amoxicilline,28
2023-08-31,Amoxicilline,28
2023-09-01,Amoxicilline,29
2023-09-02,Amoxicilline,23
2023-09-03,Amoxicilline,24
2023-09-04,Amoxicilline,30
2023-09-05,Amoxicilline,26
2023-09-06,Amoxicilline,36
2023-09-07,Amoxicilline,35
2023-09-08,Amoxicilline,26
2023-09-09,Amoxicilline,29
2023-09-10,Amoxicilline,22
2023-09-11,Amoxicilline,34
2023-09-12,Amoxicilline,37
2023-09-13,Amoxicilline,26
2023-09-14,Amoxicilline,34
2023-09-15,Amoxicilline,34
2023-09-16,Amoxicilline,25
2023-09-17,Amoxicilline,23
2023-09-18,Amoxicilline,40
2023-09-19,Amoxicilline,44
2023-09-20,Amoxicilline,41
2023-09-21,Amoxicilline,32
2023-09-22,Amoxicilline,37
2023-09-23,Amoxicilline,31
2023-09-24,Amoxicilline,20
2023-09-25,Amoxicilline,33
2023-09-26,Amoxicilline,39
2023-09-27,Amoxicilline,34
2023-09-28,Amoxicilline,28
2023-09-29,Amoxicilline,33
2023-09-30,Amoxicilline,31
2023-10-01,Amoxicilline,20
2023-10-02,Amoxicilline,34
2023-10-03,Amoxicilline,38
2023-10-04,Amoxicilline,32
2023-10-05,Amoxicilline,36
2023-10-06,Amoxicilline,38
2023-10-07,Amoxicilline,22
2023-10-08,Amoxicilline,25
2023-10-09,Amoxicilline,30
2023-10-10,Amoxicilline,25
2023-10-11,Amoxicilline,28
2023-10-12,Amoxicilline,27
2023-10-13,Amoxicilline,36
2023-10-14,Amoxicilline,27
2023-10-15,Amoxicilline,19
2023-10-16,Amoxicilline,36
2023-10-17,Amoxicilline,36
2023-10-18,Amoxicilline,36
2023-10-19,Amoxicilline,35
2023-10-20,Amoxicilline,39
2023-10-21,Amoxicilline,18
2023-10-22,Amoxicilline,19
2023-10-23,Amoxicilline,21
2023-10-24,Amoxicilline,34
2023-10-25,Amoxicilline,34
2023-10-26,Amoxicilline,38
2023-10-27,Amoxicilline,43
2023-10-28,Amoxicilline,29
2023-10-29,Amoxicilline,18
2023-10-30,Amoxicilline,35
2023-10-31,Amoxicilline,31
2023-11-01,Amoxicilline,34
2023-11-02,Amoxicilline,38
2023-11-03,Amoxicilline,32
2023-11-04,Amoxicilline,32
2023-11-05,Amoxicilline,22
2023-11-06,Amoxicilline,19
2023-11-07,Amoxicilline,40
2023-11-08,Amoxicilline,38
2023-11-09,Amoxicilline,33
2023-11-10,Amoxicilline,31
2023-11-11,Amoxicilline,24
2023-11-12,Amoxicilline,18
2023-11-13,Amoxicilline,35
2023-11-14,Amoxicilline,29
2023-11-15,Amoxicilline,37
2023-11-16,Amoxicilline,26
2023-11-17,Amoxicilline,34
2023-11-18,Amoxicilline,20
2023-11-19,Amoxicilline,28
2023-11-20,Amoxicilline,25
2023-11-21,Amoxicilline,42
2023-11-22,Amoxicilline,35
2023-11-23,Amoxicilline,35
2023-11-24,Amoxicilline,36
2023-11-25,Amoxicilline,30
2023-11-26,Amoxicilline,20
2023-11-27,Amoxicilline,40
2023-11-28,Amoxicilline,31
2023-11-29,Amoxicilline,41
2023-11-30,Amoxicilline,29
2023-12-01,Amoxicilline,53
2023-12-02,Amoxicilline,34
2023-12-03,Amoxicilline,33
2023-12-04,Amoxicilline,61
2023-12-05,Amoxicilline,51
2023-12-06,Amoxicilline,49
2023-12-07,Amoxicilline,40
2023-12-08,Amoxicilline,51
2023-12-09,Amoxicilline,31
2023-12-10,Amoxicilline,26
2023-12-11,Amoxicilline,51
2023-12-12,Amoxicilline,62
2023-12-13,Amoxicilline,75
2023-12-14,Amoxicilline,44
2023-12-15,Amoxicilline,66
2023-12-16,Amoxicilline,44
2023-12-17,Amoxicilline,30
2023-12-18,Amoxicilline,52
2023-12-19,Amoxicilline,52
2023-12-20,Amoxicilline,52
2023-12-21,Amoxicilline,46
2023-12-22,Amoxicilline,41
2023-12-23,Amoxicilline,31
2023-12-24,Amoxicilline,34
2023-12-25,Amoxicilline,47
2023-12-26,Amoxicilline,46
2023-12-27,Amoxicilline,51
2023-12-28,Amoxicilline,55
2023-12-29,Amoxicilline,55
2023-12-30,Amoxicilline,37
2023-12-31,Amoxicilline,37
2024-01-01,Amoxicilline,43
2024-01-02,Amoxicilline,56
2024-01-03,Amoxicilline,60
2024-01-04,Amoxicilline,59
2024-01-05,Amoxicilline,64
2024-01-06,Amoxicilline,46
2024-01-07,Amoxicilline,33
2024-01-08,Amoxicilline,53
2024-01-09,Amoxicilline,42
2024-01-10,Amoxicilline,57
2024-01-11,Amoxicilline,27
2024-01-12,Amoxicilline,47
2024-01-13,Amoxicilline,51
2024-01-14,Amoxicilline,35
2024-01-15,Amoxicilline,61
2024-01-16,Amoxicilline,49
2024-01-17,Amoxicilline,42
2024-01-18,Amoxicilline,47
2024-01-19,Amoxicilline,55
2024-01-20,Amoxicilline,43
2024-01-21,Amoxicilline,36
2024-01-22,Amoxicilline,46
2024-01-23,Amoxicilline,54
2024-01-24,Amoxicilline,43
2024-01-25,Amoxicilline,53
2024-01-26,Amoxicilline,54
2024-01-27,Amoxicilline,37
2024-01-28,Amoxicilline,29
2024-01-29,Amoxicilline,48
2024-01-30,Amoxicilline,49
2024-01-31,Amoxicilline,67
2024-02-01,Amoxicilline,48
2024-02-02,Amoxicilline,52
2024-02-03,Amoxicilline,27
2024-02-04,Amoxicilline,26
2024-02-05,Amoxicilline,47
2024-02-06,Amoxicilline,46
2024-02-07,Amoxicilline,63
2024-02-08,Amoxicilline,48
2024-02-09,Amoxicilline,65
2024-02-10,Amoxicilline,43
2024-02-11,Amoxicilline,31
2024-02-12,Amoxicilline,48
2024-02-13,Amoxicilline,52
2024-02-14,Amoxicilline,66
2024-02-15,Amoxicilline,30
2024-02-16,Amoxicilline,36
2024-02-17,Amoxicilline,38
2024-02-18,Amoxicilline,31
2024-02-19,Amoxicilline,55
2024-02-20,Amoxicilline,56
2024-02-21,Amoxicilline,48
2024-02-22,Amoxicilline,58
2024-02-23,Amoxicilline,63
2024-02-24,Amoxicilline,43
2024-02-25,Amoxicilline,35
2024-02-26,Amoxicilline,51
2024-02-27,Amoxicilline,47
2024-02-28,Amoxicilline,58
2024-02-29,Amoxicilline,50
2024-03-01,Amoxicilline,40
2024-03-02,Amoxicilline,39
2024-03-03,Amoxicilline,13
2024-03-04,Amoxicilline,28
2024-03-05,Amoxicilline,30
2024-03-06,Amoxicilline,36
2024-03-07,Amoxicilline,35
2024-03-08,Amoxicilline,30
2024-03-09,Amoxicilline,26
2024-03-10,Amoxicilline,19
2024-03-11,Amoxicilline,51
2024-03-12,Amoxicilline,49
2024-03-13,Amoxicilline,35
2024-03-14,Amoxicilline,34
2024-03-15,Amoxicilline,32
2024-03-16,Amoxicilline,21
2024-03-17,Amoxicilline,22
2024-03-18,Amoxicilline,30
2024-03-19,Amoxicilline,37
2024-03-20,Amoxicilline,28
2024-03-21,Amoxicilline,32
2024-03-22,Amoxicilline,41
2024-03-23,Amoxicilline,33
2024-03-24,Amoxicilline,24
2024-03-25,Amoxicilline,28
2024-03-26,Amoxicilline,43
2024-03-27,Amoxicilline,33
2024-03-28,Amoxicilline,40
2024-03-29,Amoxicilline,40
2024-03-30,Amoxicilline,24
2024-03-31,Amoxicilline,21
2024-04-01,Amoxicilline,38
2024-04-02,Amoxicilline,42
2024-04-03,Amoxicilline,37
2024-04-04,Amoxicilline,45
2024-04-05,Amoxicilline,46
2024-04-06,Amoxicilline,30
2024-04-07,Amoxicilline,25
2024-04-08,Amoxicilline,48
2024-04-09,Amoxicilline,50
2024-04-10,Amoxicilline,30
2024-04-11,Amoxicilline,31
2024-04-12,Amoxicilline,50
2024-04-13,Amoxicilline,26
2024-04-14,Amoxicilline,18
2024-04-15,Amoxicilline,33
2024-04-16,Amoxicilline,41
2024-04-17,Amoxicilline,37
2024-04-18,Amoxicilline,32
2024-04-19,Amoxicilline,35
2024-04-20,Amoxicilline,27
2024-04-21,Amoxicilline,19
2024-04-22,Amoxicilline,50
2024-04-23,Amoxicilline,40
2024-04-24,Amoxicilline,44
2024-04-25,Amoxicilline,33
2024-04-26,Amoxicilline,39
2024-04-27,Amoxicilline,27
2024-04-28,Amoxicilline,13
2024-04-29,Amoxicilline,28
2024-04-30,Amoxicilline,27
2024-05-01,Amoxicilline,17
2024-05-02,Amoxicilline,29
2024-05-03,Amoxicilline,49
2024-05-04,Amoxicilline,31
2024-05-05,Amoxicilline,27
2024-05-06,Amoxicilline,39
2024-05-07,Amoxicilline,43
2024-05-08,Amoxicilline,32
2024-05-09,Amoxicilline,40
2024-05-10,Amoxicilline,45
2024-05-11,Amoxicilline,28
2024-05-12,Amoxicilline,25
2024-05-13,Amoxicilline,40
2024-05-14,Amoxicilline,35
2024-05-15,Amoxicilline,31
2024-05-16,Amoxicilline,29
2024-05-17,Amoxicilline,40
2024-05-18,Amoxicilline,33
2024-05-19,Amoxicilline,20
2024-05-20,Amoxicilline,37
2024-05-21,Amoxicilline,42
2024-05-22,Amoxicilline,42
2024-05-23,Amoxicilline,46
2024-05-24,Amoxicilline,48
2024-05-25,Amoxicilline,26
2024-05-26,Amoxicilline,29
2024-05-27,Amoxicilline,33
2024-05-28,Amoxicilline,45
2024-05-29,Amoxicilline,39
2024-05-30,Amoxicilline,34
2024-05-31,Amoxicilline,28
2024-06-01,Amoxicilline,22
2024-06-02,Amoxicilline,12
2024-06-03,Amoxicilline,31
2024-06-04,Amoxicilline,35
2024-06-05,Amoxicilline,24
2024-06-06,Amoxicilline,28
2024-06-07,Amoxicilline,26
2024-06-08,Amoxicilline,20
2024-06-09,Amoxicilline,19
2024-06-10,Amoxicilline,26
2024-06-11,Amoxicilline,36
2024-06-12,Amoxicilline,26
2024-06-13,Amoxicilline,31
2024-06-14,Amoxicilline,30
2024-06-15,Amoxicilline,26
2024-06-16,Amoxicilline,15
2024-06-17,Amoxicilline,26
2024-06-18,Amoxicilline,27
2024-06-19,Amoxicilline,24
2024-06-20,Amoxicilline,29
2024-06-21,Amoxicilline,32
2024-06-22,Amoxicilline,25
2024-06-23,Amoxicilline,21
2024-06-24,Amoxicilline,33
2024-06-25,Amoxicilline,26
2024-06-26,Amoxicilline,30
2024-06-27,Amoxicilline,24
2024-06-28,Amoxicilline,29
2024-06-29,Amoxicilline,21
2024-06-30,Amoxicilline,21
2024-07-01,Amoxicilline,28
2024-07-02,Amoxicilline,27
2024-07-03,Amoxicilline,33
2024-07-04,Amoxicilline,17
2024-07-05,Amoxicilline,19
2024-07-06,Amoxicilline,26
2024-07-07,Amoxicilline,17
2024-07-08,Amoxicilline,28
2024-07-09,Amoxicilline,22
2024-07-10,Amoxicilline,28
2024-07-11,Amoxicilline,35
2024-07-12,Amoxicilline,33
2024-07-13,Amoxicilline,23
2024-07-14,Amoxicilline,15
2024-07-15,Amoxicilline,25
2024-07-16,Amoxicilline,18
2024-07-17,Amoxicilline,29
2024-07-18,Amoxicilline,30
2024-07-19,Amoxicilline,22
2024-07-20,Amoxicilline,20
2024-07-21,Amoxicilline,13
2024-07-22,Amoxicilline,22
2024-07-23,Amoxicilline,28
2024-07-24,Amoxicilline,18
2024-07-25,Amoxicilline,29
2024-07-26,Amoxicilline,33
2024-07-27,Amoxicilline,22
2024-07-28,Amoxicilline,10
2024-07-29,Amoxicilline,22
2024-07-30,Amoxicilline,24
2024-07-31,Amoxicilline,15
2024-08-01,Amoxicilline,25
2024-08-02,Amoxicilline,23
2024-08-03,Amoxicilline,26
2024-08-04,Amoxicilline,15
2024-08-05,Amoxicilline,28
2024-08-06,Amoxicilline,31
2024-08-07,Amoxicilline,36
2024-08-08,Amoxicilline,26
2024-08-09,Amoxicilline,31
2024-08-10,Amoxicilline,17
2024-08-11,Amoxicilline,20
2024-08-12,Amoxicilline,23
2024-08-13,Amoxicilline,25
2024-08-14,Amoxicilline,19
2024-08-15,Amoxicilline,20
2024-08-16,Amoxicilline,30
2024-08-17,Amoxicilline,27
2024-08-18,Amoxicilline,17
2024-08-19,Amoxicilline,20
2024-08-20,Amoxicilline,19
2024-08-21,Amoxicilline,22
2024-08-22,Amoxicilline,18
2024-08-23,Amoxicilline,24
2024-08-24,Amoxicilline,26
2024-08-25,Amoxicilline,17
2024-08-26,Amoxicilline,29
2024-08-27,Amoxicilline,37
2024-08-28,Amoxicilline,30
2024-08-29,Amoxicilline,30
2024-08-30,Amoxicilline,43
2024-08-31,Amoxicilline,22
2024-09-01,Amoxicilline,18
2024-09-02,Amoxicilline,36
2024-09-03,Amoxicilline,38
2024-09-04,Amoxicilline,32
2024-09-05,Amoxicilline,28
2024-09-06,Amoxicilline,51
2024-09-07,Amoxicilline,30
2024-09-08,Amoxicilline,18
2024-09-09,Amoxicilline,39
2024-09-10,Amoxicilline,34
2024-09-11,Amoxicilline,34
2024-09-12,Amoxicilline,37
2024-09-13,Amoxicilline,29
2024-09-14,Amoxicilline,30
2024-09-15,Amoxicilline,27
2024-09-16,Amoxicilline,36
2024-09-17,Amoxicilline,33
2024-09-18,Amoxicilline,32
2024-09-19,Amoxicilline,31
2024-09-20,Amoxicilline,35
2024-09-21,Amoxicilline,27
2024-09-22,Amoxicilline,24
2024-09-23,Amoxicilline,24
2024-09-24,Amoxicilline,40
2024-09-25,Amoxicilline,33
2024-09-26,Amoxicilline,36
2024-09-27,Amoxicilline,30
2024-09-28,Amoxicilline,35
2024-09-29,Amoxicilline,25
2024-09-30,Amoxicilline,39
2024-10-01,Amoxicilline,26
2024-10-02,Amoxicilline,40
2024-10-03,Amoxicilline,36
2024-10-04,Amoxicilline,27
2024-10-05,Amoxicilline,29
2024-10-06,Amoxicilline,22
2024-10-07,Amoxicilline,37
2024-10-08,Amoxicilline,36
2024-10-09,Amoxicilline,37
2024-10-10,Amoxicilline,42
2024-10-11,Amoxicilline,44
2024-10-12,Amoxicilline,15
2024-10-13,Amoxicilline,20
2024-10-14,Amoxicilline,33
2024-10-15,Amoxicilline,25
2024-10-16,Amoxicilline,36
2024-10-17,Amoxicilline,41
2024-10-18,Amoxicilline,30
2024-10-19,Amoxicilline,30
2024-10-20,Amoxicilline,18
2024-10-21,Amoxicilline,30
2024-10-22,Amoxicilline,44
2024-10-23,Amoxicilline,32
2024-10-24,Amoxicilline,36
2024-10-25,Amoxicilline,25
2024-10-26,Amoxicilline,38
2024-10-27,Amoxicilline,23
2024-10-28,Amoxicilline,33
2024-10-29,Amoxicilline,39
2024-10-30,Amoxicilline,27
2024-10-31,Amoxicilline,40
2024-11-01,Amoxicilline,35
2024-11-02,Amoxicilline,28
2024-11-03,Amoxicilline,19
2024-11-04,Amoxicilline,30
2024-11-05,Amoxicilline,39
2024-11-06,Amoxicilline,26
2024-11-07,Amoxicilline,37
2024-11-08,Amoxicilline,37
2024-11-09,Amoxicilline,31
2024-11-10,Amoxicilline,19
2024-11-11,Amoxicilline,46
2024-11-12,Amoxicilline,26
2024-11-13,Amoxicilline,43
2024-11-14,Amoxicilline,41
2024-11-15,Amoxicilline,32
2024-11-16,Amoxicilline,40
2024-11-17,Amoxicilline,24
2024-11-18,Amoxicilline,27
2024-11-19,Amoxicilline,35
2024-11-20,Amoxicilline,34
2024-11-21,Amoxicilline,32
2024-11-22,Amoxicilline,39
2024-11-23,Amoxicilline,36
2024-11-24,Amoxicilline,21
2024-11-25,Amoxicilline,29
2024-11-26,Amoxicilline,40
2024-11-27,Amoxicilline,41
2024-11-28,Amoxicilline,37
2024-11-29,Amoxicilline,41
2024-11-30,Amoxicilline,28
2024-12-01,Amoxicilline,26
2024-12-02,Amoxicilline,43
2024-12-03,Amoxicilline,39
2024-12-04,Amoxicilline,55
2024-12-05,Amoxicilline,50
2024-12-06,Amoxicilline,51
2024-12-07,Amoxicilline,22
2024-12-08,Amoxicilline,25
2024-12-09,Amoxicilline,60
2024-12-10,Amoxicilline,47
2024-12-11,Amoxicilline,56
2024-12-12,Amoxicilline,39
2024-12-13,Amoxicilline,69
2024-12-14,Amoxicilline,42
2024-12-15,Amoxicilline,33
2024-12-16,Amoxicilline,70
2024-12-17,Amoxicilline,66
2024-12-18,Amoxicilline,50
2024-12-19,Amoxicilline,46
2024-12-20,Amoxicilline,52
2024-12-21,Amoxicilline,47
2024-12-22,Amoxicilline,31
2024-12-23,Amoxicilline,47
2024-12-24,Amoxicilline,66
2024-12-25,Amoxicilline,52
2024-12-26,Amoxicilline,70
2024-12-27,Amoxicilline,56
2024-12-28,Amoxicilline,56
2024-12-29,Amoxicilline,33
2024-12-30,Amoxicilline,59
2024-12-31,Amoxicilline,47
2023-01-01,Doliprane_Sirop,12
2023-01-02,Doliprane_Sirop,33
2023-01-03,Doliprane_Sirop,23
2023-01-04,Doliprane_Sirop,40
2023-01-05,Doliprane_Sirop,31
2023-01-06,Doliprane_Sirop,40
2023-01-07,Doliprane_Sirop,21
2023-01-08,Doliprane_Sirop,16
2023-01-09,Doliprane_Sirop,24
2023-01-10,Doliprane_Sirop,33
2023-01-11,Doliprane_Sirop,22
2023-01-12,Doliprane_Sirop,28
2023-01-13,Doliprane_Sirop,28
2023-01-14,Doliprane_Sirop,20
2023-01-15,Doliprane_Sirop,19
2023-01-16,Doliprane_Sirop,28
2023-01-17,Doliprane_Sirop,28
2023-01-18,Doliprane_Sirop,40
2023-01-19,Doliprane_Sirop,30
2023-01-20,Doliprane_Sirop,40
2023-01-21,Doliprane_Sirop,24
2023-01-22,Doliprane_Sirop,20
2023-01-23,Doliprane_Sirop,30
2023-01-24,Doliprane_Sirop,23
2023-01-25,Doliprane_Sirop,39
2023-01-26,Doliprane_Sirop,30
2023-01-27,Doliprane_Sirop,37
2023-01-28,Doliprane_Sirop,23
2023-01-29,Doliprane_Sirop,18
2023-01-30,Doliprane_Sirop,26
2023-01-31,Doliprane_Sirop,38
2023-02-01,Doliprane_Sirop,33
2023-02-02,Doliprane_Sirop,32
2023-02-03,Doliprane_Sirop,41
2023-02-04,Doliprane_Sirop,31
2023-02-05,Doliprane_Sirop,21
2023-02-06,Doliprane_Sirop,23
2023-02-07,Doliprane_Sirop,28
2023-02-08,Doliprane_Sirop,26
2023-02-09,Doliprane_Sirop,34
2023-02-10,Doliprane_Sirop,34
2023-02-11,Doliprane_Sirop,20
2023-02-12,Doliprane_Sirop,18
2023-02-13,Doliprane_Sirop,23
2023-02-14,Doliprane_Sirop,32
2023-02-15,Doliprane_Sirop,23
2023-02-16,Doliprane_Sirop,33
2023-02-17,Doliprane_Sirop,35
2023-02-18,Doliprane_Sirop,34
2023-02-19,Doliprane_Sirop,21
2023-02-20,Doliprane_Sirop,28
2023-02-21,Doliprane_Sirop,36
2023-02-22,Doliprane_Sirop,24
2023-02-23,Doliprane_Sirop,26
2023-02-24,Doliprane_Sirop,35
2023-02-25,Doliprane_Sirop,17
2023-02-26,Doliprane_Sirop,19
2023-02-27,Doliprane_Sirop,25
2023-02-28,Doliprane_Sirop,32
2023-03-01,Doliprane_Sirop,18
2023-03-02,Doliprane_Sirop,22
2023-03-03,Doliprane_Sirop,23
2023-03-04,Doliprane_Sirop,22
2023-03-05,Doliprane_Sirop,13
2023-03-06,Doliprane_Sirop,18
2023-03-07,Doliprane_Sirop,21
2023-03-08,Doliprane_Sirop,17
2023-03-09,Doliprane_Sirop,22
2023-03-10,Doliprane_Sirop,25
2023-03-11,Doliprane_Sirop,25
2023-03-12,Doliprane_Sirop,12
2023-03-13,Doliprane_Sirop,20
2023-03-14,Doliprane_Sirop,20
2023-03-15,Doliprane_Sirop,23
2023-03-16,Doliprane_Sirop,22
2023-03-17,Doliprane_Sirop,23
2023-03-18,Doliprane_Sirop,21
2023-03-19,Doliprane_Sirop,12
2023-03-20,Doliprane_Sirop,24
2023-03-21,Doliprane_Sirop,24
2023-03-22,Doliprane_Sirop,22
2023-03-23,Doliprane_Sirop,20
2023-03-24,Doliprane_Sirop,32
2023-03-25,Doliprane_Sirop,16
2023-03-26,Doliprane_Sirop,14
2023-03-27,Doliprane_Sirop,18
2023-03-28,Doliprane_Sirop,29
2023-03-29,Doliprane_Sirop,25
2023-03-30,Doliprane_Sirop,19
2023-03-31,Doliprane_Sirop,25
2023-04-01,Doliprane_Sirop,19
2023-04-02,Doliprane_Sirop,12
2023-04-03,Doliprane_Sirop,24
2023-04-04,Doliprane_Sirop,23
2023-04-05,Doliprane_Sirop,23
2023-04-06,Doliprane_Sirop,21
2023-04-07,Doliprane_Sirop,25
2023-04-08,Doliprane_Sirop,19
2023-04-09,Doliprane_Sirop,13
2023-04-10,Doliprane_Sirop,19
2023-04-11,Doliprane_Sirop,28
2023-04-12,Doliprane_Sirop,18
2023-04-13,Doliprane_Sirop,23
2023-04-14,Doliprane_Sirop,22
2023-04-15,Doliprane_Sirop,23
2023-04-16,Doliprane_Sirop,11
2023-04-17,Doliprane_Sirop,18
2023-04-18,Doliprane_Sirop,18
2023-04-19,Doliprane_Sirop,23
2023-04-20,Doliprane_Sirop,16
2023-04-21,Doliprane_Sirop,21
2023-04-22,Doliprane_Sirop,12
2023-04-23,Doliprane_Sirop,14
2023-04-24,Doliprane_Sirop,19
2023-04-25,Doliprane_Sirop,17
2023-04-26,Doliprane_Sirop,26
2023-04-27,Doliprane_Sirop,16
2023-04-28,Doliprane_Sirop,26
2023-04-29,Doliprane_Sirop,16
2023-04-30,Doliprane_Sirop,17
2023-05-01,Doliprane_Sirop,17
2023-05-02,Doliprane_Sirop,18
2023-05-03,Doliprane_Sirop,19
2023-05-04,Doliprane_Sirop,23
2023-05-05,Doliprane_Sirop,22
2023-05-06,Doliprane_Sirop,18
2023-05-07,Doliprane_Sirop,16
2023-05-08,Doliprane_Sirop,18
2023-05-09,Doliprane_Sirop,22
2023-05-10,Doliprane_Sirop,26
2023-05-11,Doliprane_Sirop,24
2023-05-12,Doliprane_Sirop,22
2023-05-13,Doliprane_Sirop,17
2023-05-14,Doliprane_Sirop,9
2023-05-15,Doliprane_Sirop,17
2023-05-16,Doliprane_Sirop,23
2023-05-17,Doliprane_Sirop,22
2023-05-18,Doliprane_Sirop,21
2023-05-19,Doliprane_Sirop,27
2023-05-20,Doliprane_Sirop,15
2023-05-21,Doliprane_Sirop,13
2023-05-22,Doliprane_Sirop,22
2023-05-23,Doliprane_Sirop,20
2023-05-24,Doliprane_Sirop,27
2023-05-25,Doliprane_Sirop,24
2023-05-26,Doliprane_Sirop,24
2023-05-27,Doliprane_Sirop,24
2023-05-28,Doliprane_Sirop,10
2023-05-29,Doliprane_Sirop,21
2023-05-30,Doliprane_Sirop,23
2023-05-31,Doliprane_Sirop,19
2023-06-01,Doliprane_Sirop,18
2023-06-02,Doliprane_Sirop,15
2023-06-03,Doliprane_Sirop,17
2023-06-04,Doliprane_Sirop,13
2023-06-05,Doliprane_Sirop,18
2023-06-06,Doliprane_Sirop,13
2023-06-07,Doliprane_Sirop,15
2023-06-08,Doliprane_Sirop,19
2023-06-09,Doliprane_Sirop,19
2023-06-10,Doliprane_Sirop,8
2023-06-11,Doliprane_Sirop,13
2023-06-12,Doliprane_Sirop,18
2023-06-13,Doliprane_Sirop,16
2023-06-14,Doliprane_Sirop,21
2023-06-15,Doliprane_Sirop,15
2023-06-16,Doliprane_Sirop,17
2023-06-17,Doliprane_Sirop,16
2023-06-18,Doliprane_Sirop,14
2023-06-19,Doliprane_Sirop,22
2023-06-20,Doliprane_Sirop,19
2023-06-21,Doliprane_Sirop,20
2023-06-22,Doliprane_Sirop,20
2023-06-23,Doliprane_Sirop,15
2023-06-24,Doliprane_Sirop,16
2023-06-25,Doliprane_Sirop,9
2023-06-26,Doliprane_Sirop,18
2023-06-27,Doliprane_Sirop,17
2023-06-28,Doliprane_Sirop,20
2023-06-29,Doliprane_Sirop,18
2023-06-30,Doliprane_Sirop,9
2023-07-01,Doliprane_Sirop,15
2023-07-02,Doliprane_Sirop,12
2023-07-03,Doliprane_Sirop,19
2023-07-04,Doliprane_Sirop,18
2023-07-05,Doliprane_Sirop,23
2023-07-06,Doliprane_Sirop,18
2023-07-07,Doliprane_Sirop,20
2023-07-08,Doliprane_Sirop,17
2023-07-09,Doliprane_Sirop,11
2023-07-10,Doliprane_Sirop,15
2023-07-11,Doliprane_Sirop,11
2023-07-12,Doliprane_Sirop,17
2023-07-13,Doliprane_Sirop,20
2023-07-14,Doliprane_Sirop,18
2023-07-15,Doliprane_Sirop,17
2023-07-16,Doliprane_Sirop,11
2023-07-17,Doliprane_Sirop,21
2023-07-18,Doliprane_Sirop,17
2023-07-19,Doliprane_Sirop,20
2023-07-20,Doliprane_Sirop,19
2023-07-21,Doliprane_Sirop,24
2023-07-22,Doliprane_Sirop,11
2023-07-23,Doliprane_Sirop,10
2023-07-24,Doliprane_Sirop,20
2023-07-25,Doliprane_Sirop,23
2023-07-26,Doliprane_Sirop,19
2023-07-27,Doliprane_Sirop,17
2023-07-28,Doliprane_Sirop,21
2023-07-29,Doliprane_Sirop,17
2023-07-30,Doliprane_Sirop,7
2023-07-31,Doliprane_Sirop,18
2023-08-01,Doliprane_Sirop,22
2023-08-02,Doliprane_Sirop,24
2023-08-03,Doliprane_Sirop,20
2023-08-04,Doliprane_Sirop,19
2023-08-05,Doliprane_Sirop,15
2023-08-06,Doliprane_Sirop,12
2023-08-07,Doliprane_Sirop,17
2023-08-08,Doliprane_Sirop,19
2023-08-09,Doliprane_Sirop,15
2023-08-10,Doliprane_Sirop,21
2023-08-11,Doliprane_Sirop,15
2023-08-12,Doliprane_Sirop,14
2023-08-13,Doliprane_Sirop,11
2023-08-14,Doliprane_Sirop,16
2023-08-15,Doliprane_Sirop,17
2023-08-16,Doliprane_Sirop,16
2023-08-17,Doliprane_Sirop,16
2023-08-18,Doliprane_Sirop,24
2023-08-19,Doliprane_Sirop,8
2023-08-20,Doliprane_Sirop,6
2023-08-21,Doliprane_Sirop,18
2023-08-22,Doliprane_Sirop,20
2023-08-23,Doliprane_Sirop,15
2023-08-24,Doliprane_Sirop,17
2023-08-25,Doliprane_Sirop,19
2023-08-26,Doliprane_Sirop,17
2023-08-27,Doliprane_Sirop,14
2023-08-28,Doliprane_Sirop,19
2023-08-29,Doliprane_Sirop,17
2023-08-30,Doliprane_Sirop,21
2023-08-31,Doliprane_Sirop,15
2023-09-01,Doliprane_Sirop,18
2023-09-02,Doliprane_Sirop,12
2023-09-03,Doliprane_Sirop,9
2023-09-04,Doliprane_Sirop,17
2023-09-05,Doliprane_Sirop,16
2023-09-06,Doliprane_Sirop,21
2023-09-07,Doliprane_Sirop,16
2023-09-08,Doliprane_Sirop,10
2023-09-09,Doliprane_Sirop,14
2023-09-10,Doliprane_Sirop,11
2023-09-11,Doliprane_Sirop,17
2023-09-12,Doliprane_Sirop,26
2023-09-13,Doliprane_Sirop,18
2023-09-14,Doliprane_Sirop,22
2023-09-15,Doliprane_Sirop,21
2023-09-16,Doliprane_Sirop,17
2023-09-17,Doliprane_Sirop,10
2023-09-18,Doliprane_Sirop,19
2023-09-19,Doliprane_Sirop,18
2023-09-20,Doliprane_Sirop,21
2023-09-21,Doliprane_Sirop,19
2023-09-22,Doliprane_Sirop,18
2023-09-23,Doliprane_Sirop,19
2023-09-24,Doliprane_Sirop,13
2023-09-25,Doliprane_Sirop,18
2023-09-26,Doliprane_Sirop,21
2023-09-27,Doliprane_Sirop,20
2023-09-28,Doliprane_Sirop,17
2023-09-29,Doliprane_Sirop,22
2023-09-30,Doliprane_Sirop,15
2023-10-01,Doliprane_Sirop,10
2023-10-02,Doliprane_Sirop,14
2023-10-03,Doliprane_Sirop,19
2023-10-04,Doliprane_Sirop,22
2023-10-05,Doliprane_Sirop,17
2023-10-06,Doliprane_Sirop,30
2023-10-07,Doliprane_Sirop,19
2023-10-08,Doliprane_Sirop,15
2023-10-09,Doliprane_Sirop,22
2023-10-10,Doliprane_Sirop,27
2023-10-11,Doliprane_Sirop,18
2023-10-12,Doliprane_Sirop,11
2023-10-13,Doliprane_Sirop,20
2023-10-14,Doliprane_Sirop,18
2023-10-15,Doliprane_Sirop,12
2023-10-16,Doliprane_Sirop,20
2023-10-17,Doliprane_Sirop,25
2023-10-18,Doliprane_Sirop,22
2023-10-19,Doliprane_Sirop,22
2023-10-20,Doliprane_Sirop,18
2023-10-21,Doliprane_Sirop,14
2023-10-22,Doliprane_Sirop,15
2023-10-23,Doliprane_Sirop,20
2023-10-24,Doliprane_Sirop,18
2023-10-25,Doliprane_Sirop,18
2023-10-26,Doliprane_Sirop,17
2023-10-27,Doliprane_Sirop,19
2023-10-28,Doliprane_Sirop,13
2023-10-29,Doliprane_Sirop,9
2023-10-30,Doliprane_Sirop,19
2023-10-31,Doliprane_Sirop,18
2023-11-01,Doliprane_Sirop,24
2023-11-02,Doliprane_Sirop,20
2023-11-03,Doliprane_Sirop,22
2023-11-04,Doliprane_Sirop,15
2023-11-05,Doliprane_Sirop,12
2023-11-06,Doliprane_Sirop,15
2023-11-07,Doliprane_Sirop,23
2023-11-08,Doliprane_Sirop,20
2023-11-09,Doliprane_Sirop,23
2023-11-10,Doliprane_Sirop,21
2023-11-11,Doliprane_Sirop,19
2023-11-12,Doliprane_Sirop,11
2023-11-13,Doliprane_Sirop,14
2023-11-14,Doliprane_Sirop,21
2023-11-15,Doliprane_Sirop,23
2023-11-16,Doliprane_Sirop,21
2023-11-17,Doliprane_Sirop,23
2023-11-18,Doliprane_Sirop,11
2023-11-19,Doliprane_Sirop,10
2023-11-20,Doliprane_Sirop,21
2023-11-21,Doliprane_Sirop,22
2023-11-22,Doliprane_Sirop,19
2023-11-23,Doliprane_Sirop,23
2023-11-24,Doliprane_Sirop,18
2023-11-25,Doliprane_Sirop,15
2023-11-26,Doliprane_Sirop,15
2023-11-27,Doliprane_Sirop,22
2023-11-28,Doliprane_Sirop,19
2023-11-29,Doliprane_Sirop,22
2023-11-30,Doliprane_Sirop,20
2023-12-01,Doliprane_Sirop,19
2023-12-02,Doliprane_Sirop,23
2023-12-03,Doliprane_Sirop,19
2023-12-04,Doliprane_Sirop,30
2023-12-05,Doliprane_Sirop,34
2023-12-06,Doliprane_Sirop,39
2023-12-07,Doliprane_Sirop,30
2023-12-08,Doliprane_Sirop,28
2023-12-09,Doliprane_Sirop,28
2023-12-10,Doliprane_Sirop,18
2023-12-11,Doliprane_Sirop,31
2023-12-12,Doliprane_Sirop,31
2023-12-13,Doliprane_Sirop,45
2023-12-14,Doliprane_Sirop,20
2023-12-15,Doliprane_Sirop,32
2023-12-16,Doliprane_Sirop,27
2023-12-17,Doliprane_Sirop,17
2023-12-18,Doliprane_Sirop,36
2023-12-19,Doliprane_Sirop,37
2023-12-20,Doliprane_Sirop,33
2023-12-21,Doliprane_Sirop,30
2023-12-22,Doliprane_Sirop,34
2023-12-23,Doliprane_Sirop,26
2023-12-24,Doliprane_Sirop,19
2023-12-25,Doliprane_Sirop,30
2023-12-26,Doliprane_Sirop,34
2023-12-27,Doliprane_Sirop,37
2023-12-28,Doliprane_Sirop,25
2023-12-29,Doliprane_Sirop,28
2023-12-30,Doliprane_Sirop,19
2023-12-31,Doliprane_Sirop,22
2024-01-01,Doliprane_Sirop,23
2024-01-02,Doliprane_Sirop,36
2024-01-03,Doliprane_Sirop,25
2024-01-04,Doliprane_Sirop,41
2024-01-05,Doliprane_Sirop,31
2024-01-06,Doliprane_Sirop,28
2024-01-07,Doliprane_Sirop,22
2024-01-08,Doliprane_Sirop,26
2024-01-09,Doliprane_Sirop,30
2024-01-10,Doliprane_Sirop,34
2024-01-11,Doliprane_Sirop,33
2024-01-12,Doliprane_Sirop,36
2024-01-13,Doliprane_Sirop,34
2024-01-14,Doliprane_Sirop,23
2024-01-15,Doliprane_Sirop,33
2024-01-16,Doliprane_Sirop,28
2024-01-17,Doliprane_Sirop,39
2024-01-18,Doliprane_Sirop,24
2024-01-19,Doliprane_Sirop,44
2024-01-20,Doliprane_Sirop,28
2024-01-21,Doliprane_Sirop,11
2024-01-22,Doliprane_Sirop,30
2024-01-23,Doliprane_Sirop,37
2024-01-24,Doliprane_Sirop,32
2024-01-25,Doliprane_Sirop,35
2024-01-26,Doliprane_Sirop,30
2024-01-27,Doliprane_Sirop,21
2024-01-28,Doliprane_Sirop,19
2024-01-29,Doliprane_Sirop,32
2024-01-30,Doliprane_Sirop,31
2024-01-31,Doliprane_Sirop,40
2024-02-01,Doliprane_Sirop,27
2024-02-02,Doliprane_Sirop,36
2024-02-03,Doliprane_Sirop,27
2024-02-04,Doliprane_Sirop,14
2024-02-05,Doliprane_Sirop,25
2024-02-06,Doliprane_Sirop,33
2024-02-07,Doliprane_Sirop,44
2024-02-08,Doliprane_Sirop,35
2024-02-09,Doliprane_Sirop,25
2024-02-10,Doliprane_Sirop,13
2024-02-11,Doliprane_Sirop,22
2024-02-12,Doliprane_Sirop,31
2024-02-13,Doliprane_Sirop,39
2024-02-14,Doliprane_Sirop,28
2024-02-15,Doliprane_Sirop,33
2024-02-16,Doliprane_Sirop,40
2024-02-17,Doliprane_Sirop,25
2024-02-18,Doliprane_Sirop,18
2024-02-19,Doliprane_Sirop,32
2024-02-20,Doliprane_Sirop,36
2024-02-21,Doliprane_Sirop,33
2024-02-22,Doliprane_Sirop,37
2024-02-23,Doliprane_Sirop,32
2024-02-24,Doliprane_Sirop,21
2024-02-25,Doliprane_Sirop,26
2024-02-26,Doliprane_Sirop,28
2024-02-27,Doliprane_Sirop,30
2024-02-28,Doliprane_Sirop,33
2024-02-29,Doliprane_Sirop,32
2024-03-01,Doliprane_Sirop,22
2024-03-02,Doliprane_Sirop,19
2024-03-03,Doliprane_Sirop,13
2024-03-04,Doliprane_Sirop,22
2024-03-05,Doliprane_Sirop,14
2024-03-06,Doliprane_Sirop,30
2024-03-07,Doliprane_Sirop,21
2024-03-08,Doliprane_Sirop,26
2024-03-09,Doliprane_Sirop,14
2024-03-10,Doliprane_Sirop,12
2024-03-11,Doliprane_Sirop,19
2024-03-12,Doliprane_Sirop,28
2024-03-13,Doliprane_Sirop,21
2024-03-14,Doliprane_Sirop,25
2024-03-15,Doliprane_Sirop,21
2024-03-16,Doliprane_Sirop,17
2024-03-17,Doliprane_Sirop,13
2024-03-18,Doliprane_Sirop,26
2024-03-19,Doliprane_Sirop,16
2024-03-20,Doliprane_Sirop,18
2024-03-21,Doliprane_Sirop,15
2024-03-22,Doliprane_Sirop,20
2024-03-23,Doliprane_Sirop,16
2024-03-24,Doliprane_Sirop,10
2024-03-25,Doliprane_Sirop,19
2024-03-26,Doliprane_Sirop,15
2024-03-27,Doliprane_Sirop,19
2024-03-28,Doliprane_Sirop,26
2024-03-29,Doliprane_Sirop,26
2024-03-30,Doliprane_Sirop,19
2024-03-31,Doliprane_Sirop,11
2024-04-01,Doliprane_Sirop,16
2024-04-02,Doliprane_Sirop,19
2024-04-03,Doliprane_Sirop,23
2024-04-04,Doliprane_Sirop,25
2024-04-05,Doliprane_Sirop,28
2024-04-06,Doliprane_Sirop,21
2024-04-07,Doliprane_Sirop,12
2024-04-08,Doliprane_Sirop,22
2024-04-09,Doliprane_Sirop,22
2024-04-10,Doliprane_Sirop,22
2024-04-11,Doliprane_Sirop,29
2024-04-12,Doliprane_Sirop,17
2024-04-13,Doliprane_Sirop,18
2024-04-14,Doliprane_Sirop,16
2024-04-15,Doliprane_Sirop,17
2024-04-16,Doliprane_Sirop,20
2024-04-17,Doliprane_Sirop,21
2024-04-18,Doliprane_Sirop,21
2024-04-19,Doliprane_Sirop,18
2024-04-20,Doliprane_Sirop,21
2024-04-21,Doliprane_Sirop,15
2024-04-22,Doliprane_Sirop,24
2024-04-23,Doliprane_Sirop,20
2024-04-24,Doliprane_Sirop,23
2024-04-25,Doliprane_Sirop,19
2024-04-26,Doliprane_Sirop,23
2024-04-27,Doliprane_Sirop,26
2024-04-28,Doliprane_Sirop,14
2024-04-29,Doliprane_Sirop,18
2024-04-30,Doliprane_Sirop,24
2024-05-01,Doliprane_Sirop,12
2024-05-02,Doliprane_Sirop,18
2024-05-03,Doliprane_Sirop,20
2024-05-04,Doliprane_Sirop,17
2024-05-05,Doliprane_Sirop,16
2024-05-06,Doliprane_Sirop,24
2024-05-07,Doliprane_Sirop,25
2024-05-08,Doliprane_Sirop,19
2024-05-09,Doliprane_Sirop,20
2024-05-10,Doliprane_Sirop,25
2024-05-11,Doliprane_Sirop,17
2024-05-12,Doliprane_Sirop,13
2024-05-13,Doliprane_Sirop,24
2024-05-14,Doliprane_Sirop,22
2024-05-15,Doliprane_Sirop,24
2024-05-16,Doliprane_Sirop,28
2024-05-17,Doliprane_Sirop,23
2024-05-18,Doliprane_Sirop,23
2024-05-19,Doliprane_Sirop,15
2024-05-20,Doliprane_Sirop,17
2024-05-21,Doliprane_Sirop,19
2024-05-22,Doliprane_Sirop,20
2024-05-23,Doliprane_Sirop,19
2024-05-24,Doliprane_Sirop,24
2024-05-25,Doliprane_Sirop,21
2024-05-26,Doliprane_Sirop,16
2024-05-27,Doliprane_Sirop,23
2024-05-28,Doliprane_Sirop,21
2024-05-29,Doliprane_Sirop,15
2024-05-30,Doliprane_Sirop,22
2024-05-31,Doliprane_Sirop,24
2024-06-01,Doliprane_Sirop,16
2024-06-02,Doliprane_Sirop,15
2024-06-03,Doliprane_Sirop,22
2024-06-04,Doliprane_Sirop,21
2024-06-05,Doliprane_Sirop,16
2024-06-06,Doliprane_Sirop,16
2024-06-07,Doliprane_Sirop,19
2024-06-08,Doliprane_Sirop,13
2024-06-09,Doliprane_Sirop,12
2024-06-10,Doliprane_Sirop,19
2024-06-11,Doliprane_Sirop,15
2024-06-12,Doliprane_Sirop,23
2024-06-13,Doliprane_Sirop,18
2024-06-14,Doliprane_Sirop,14
2024-06-15,Doliprane_Sirop,15
2024-06-16,Doliprane_Sirop,12
2024-06-17,Doliprane_Sirop,21
2024-06-18,Doliprane_Sirop,18
2024-06-19,Doliprane_Sirop,21
2024-06-20,Doliprane_Sirop,19
2024-06-21,Doliprane_Sirop,15
2024-06-22,Doliprane_Sirop,12
2024-06-23,Doliprane_Sirop,13
2024-06-24,Doliprane_Sirop,22
2024-06-25,Doliprane_Sirop,20
2024-06-26,Doliprane_Sirop,24
2024-06-27,Doliprane_Sirop,21
2024-06-28,Doliprane_Sirop,22
2024-06-29,Doliprane_Sirop,13
2024-06-30,Doliprane_Sirop,14
2024-07-01,Doliprane_Sirop,20
2024-07-02,Doliprane_Sirop,18
2024-07-03,Doliprane_Sirop,17
2024-07-04,Doliprane_Sirop,19
2024-07-05,Doliprane_Sirop,14
2024-07-06,Doliprane_Sirop,17
2024-07-07,Doliprane_Sirop,9
2024-07-08,Doliprane_Sirop,19
2024-07-09,Doliprane_Sirop,17
2024-07-10,Doliprane_Sirop,18
2024-07-11,Doliprane_Sirop,16
2024-07-12,Doliprane_Sirop,19
2024-07-13,Doliprane_Sirop,20
2024-07-14,Doliprane_Sirop,14
2024-07-15,Doliprane_Sirop,19
2024-07-16,Doliprane_Sirop,19
2024-07-17,Doliprane_Sirop,22
2024-07-18,Doliprane_Sirop,21
2024-07-19,Doliprane_Sirop,17
2024-07-20,Doliprane_Sirop,15
2024-07-21,Doliprane_Sirop,8
2024-07-22,Doliprane_Sirop,21
2024-07-23,Doliprane_Sirop,25
2024-07-24,Doliprane_Sirop,19
2024-07-25,Doliprane_Sirop,12
2024-07-26,Doliprane_Sirop,22
2024-07-27,Doliprane_Sirop,13
2024-07-28,Doliprane_Sirop,10
2024-07-29,Doliprane_Sirop,20
2024-07-30,Doliprane_Sirop,14
2024-07-31,Doliprane_Sirop,17
2024-08-01,Doliprane_Sirop,16
2024-08-02,Doliprane_Sirop,20
2024-08-03,Doliprane_Sirop,14
2024-08-04,Doliprane_Sirop,9
2024-08-05,Doliprane_Sirop,17
2024-08-06,Doliprane_Sirop,20
2024-08-07,Doliprane_Sirop,18
2024-08-08,Doliprane_Sirop,14
2024-08-09,Doliprane_Sirop,23
2024-08-10,Doliprane_Sirop,8
2024-08-11,Doliprane_Sirop,10
2024-08-12,Doliprane_Sirop,16
2024-08-13,Doliprane_Sirop,19
2024-08-14,Doliprane_Sirop,15
2024-08-15,Doliprane_Sirop,22
2024-08-16,Doliprane_Sirop,17
2024-08-17,Doliprane_Sirop,17
2024-08-18,Doliprane_Sirop,12
2024-08-19,Doliprane_Sirop,13
2024-08-20,Doliprane_Sirop,18
2024-08-21,Doliprane_Sirop,10
2024-08-22,Doliprane_Sirop,19
2024-08-23,Doliprane_Sirop,21
2024-08-24,Doliprane_Sirop,16
2024-08-25,Doliprane_Sirop,10
2024-08-26,Doliprane_Sirop,21
2024-08-27,Doliprane_Sirop,14
2024-08-28,Doliprane_Sirop,19
2024-08-29,Doliprane_Sirop,16
2024-08-30,Doliprane_Sirop,18
2024-08-31,Doliprane_Sirop,17
2024-09-01,Doliprane_Sirop,15
2024-09-02,Doliprane_Sirop,19
2024-09-03,Doliprane_Sirop,24
2024-09-04,Doliprane_Sirop,21
2024-09-05,Doliprane_Sirop,17
2024-09-06,Doliprane_Sirop,21
2024-09-07,Doliprane_Sirop,16
2024-09-08,Doliprane_Sirop,11
2024-09-09,Doliprane_Sirop,22
2024-09-10,Doliprane_Sirop,22
2024-09-11,Doliprane_Sirop,16
2024-09-12,Doliprane_Sirop,15
2024-09-13,Doliprane_Sirop,24
2024-09-14,Doliprane_Sirop,15
2024-09-15,Doliprane_Sirop,13
2024-09-16,Doliprane_Sirop,23
2024-09-17,Doliprane_Sirop,17
2024-09-18,Doliprane_Sirop,16
2024-09-19,Doliprane_Sirop,26
2024-09-20,Doliprane_Sirop,23
2024-09-21,Doliprane_Sirop,16
2024-09-22,Doliprane_Sirop,11
2024-09-23,Doliprane_Sirop,19
2024-09-24,Doliprane_Sirop,17
2024-09-25,Doliprane_Sirop,24
2024-09-26,Doliprane_Sirop,18
2024-09-27,Doliprane_Sirop,26
2024-09-28,Doliprane_Sirop,16
2024-09-29,Doliprane_Sirop,10
2024-09-30,Doliprane_Sirop,19
2024-10-01,Doliprane_Sirop,12
2024-10-02,Doliprane_Sirop,21
2024-10-03,Doliprane_Sirop,20
2024-10-04,Doliprane_Sirop,25
2024-10-05,Doliprane_Sirop,12
2024-10-06,Doliprane_Sirop,15
2024-10-07,Doliprane_Sirop,23
2024-10-08,Doliprane_Sirop,26
2024-10-09,Doliprane_Sirop,21
2024-10-10,Doliprane_Sirop,24
2024-10-11,Doliprane_Sirop,17
2024-10-12,Doliprane_Sirop,19
2024-10-13,Doliprane_Sirop,11
2024-10-14,Doliprane_Sirop,15
2024-10-15,Doliprane_Sirop,17
2024-10-16,Doliprane_Sirop,21
2024-10-17,Doliprane_Sirop,17
2024-10-18,Doliprane_Sirop,24
2024-10-19,Doliprane_Sirop,12
2024-10-20,Doliprane_Sirop,8
2024-10-21,Doliprane_Sirop,25
2024-10-22,Doliprane_Sirop,24
2024-10-23,Doliprane_Sirop,18
2024-10-24,Doliprane_Sirop,20
2024-10-25,Doliprane_Sirop,26
2024-10-26,Doliprane_Sirop,19
2024-10-27,Doliprane_Sirop,13
2024-10-28,Doliprane_Sirop,24
2024-10-29,Doliprane_Sirop,19
2024-10-30,Doliprane_Sirop,21
2024-10-31,Doliprane_Sirop,20
2024-11-01,Doliprane_Sirop,21
2024-11-02,Doliprane_Sirop,16
2024-11-03,Doliprane_Sirop,13
2024-11-04,Doliprane_Sirop,20
2024-11-05,Doliprane_Sirop,18
2024-11-06,Doliprane_Sirop,17
2024-11-07,Doliprane_Sirop,17
2024-11-08,Doliprane_Sirop,21
2024-11-09,Doliprane_Sirop,17
2024-11-10,Doliprane_Sirop,13
2024-11-11,Doliprane_Sirop,13
2024-11-12,Doliprane_Sirop,24
2024-11-13,Doliprane_Sirop,19
2024-11-14,Doliprane_Sirop,24
2024-11-15,Doliprane_Sirop,20
2024-11-16,Doliprane_Sirop,17
2024-11-17,Doliprane_Sirop,17
2024-11-18,Doliprane_Sirop,14
2024-11-19,Doliprane_Sirop,26
2024-11-20,Doliprane_Sirop,21
2024-11-21,Doliprane_Sirop,22
2024-11-22,Doliprane_Sirop,23
2024-11-23,Doliprane_Sirop,20
2024-11-24,Doliprane_Sirop,11
2024-11-25,Doliprane_Sirop,17
2024-11-26,Doliprane_Sirop,19
2024-11-27,Doliprane_Sirop,22
2024-11-28,Doliprane_Sirop,20
2024-11-29,Doliprane_Sirop,25
2024-11-30,Doliprane_Sirop,21
2024-12-01,Doliprane_Sirop,17
2024-12-02,Doliprane_Sirop,29
2024-12-03,Doliprane_Sirop,26
2024-12-04,Doliprane_Sirop,46
2024-12-05,Doliprane_Sirop,34
2024-12-06,Doliprane_Sirop,39
2024-12-07,Doliprane_Sirop,22
2024-12-08,Doliprane_Sirop,20
2024-12-09,Doliprane_Sirop,35
2024-12-10,Doliprane_Sirop,33
2024-12-11,Doliprane_Sirop,40
2024-12-12,Doliprane_Sirop,45
2024-12-13,Doliprane_Sirop,30
2024-12-14,Doliprane_Sirop,23
2024-12-15,Doliprane_Sirop,17
2024-12-16,Doliprane_Sirop,41
2024-12-17,Doliprane_Sirop,40
2024-12-18,Doliprane_Sirop,33
2024-12-19,Doliprane_Sirop,33
2024-12-20,Doliprane_Sirop,31
2024-12-21,Doliprane_Sirop,32
2024-12-22,Doliprane_Sirop,19
2024-12-23,Doliprane_Sirop,31
2024-12-24,Doliprane_Sirop,38
2024-12-25,Doliprane_Sirop,33
2024-12-26,Doliprane_Sirop,31
2024-12-27,Doliprane_Sirop,36
2024-12-28,Doliprane_Sirop,32
2024-12-29,Doliprane_Sirop,26
2024-12-30,Doliprane_Sirop,36
2024-12-31,Doliprane_Sirop,39
2023-01-01,Ibuprofene,17
2023-01-02,Ibuprofene,47
2023-01-03,Ibuprofene,53
2023-01-04,Ibuprofene,46
2023-01-05,Ibuprofene,36
2023-01-06,Ibuprofene,39
2023-01-07,Ibuprofene,30
2023-01-08,Ibuprofene,20
2023-01-09,Ibuprofene,45
2023-01-10,Ibuprofene,54
2023-01-11,Ibuprofene,32
2023-01-12,Ibuprofene,30
2023-01-13,Ibuprofene,47
2023-01-14,Ibuprofene,37
2023-01-15,Ibuprofene,36
2023-01-16,Ibuprofene,35
2023-01-17,Ibuprofene,44
2023-01-18,Ibuprofene,58
2023-01-19,Ibuprofene,47
2023-01-20,Ibuprofene,52
2023-01-21,Ibuprofene,39
2023-01-22,Ibuprofene,29
2023-01-23,Ibuprofene,49
2023-01-24,Ibuprofene,41
2023-01-25,Ibuprofene,52
2023-01-26,Ibuprofene,36
2023-01-27,Ibuprofene,51
2023-01-28,Ibuprofene,39
2023-01-29,Ibuprofene,25
2023-01-30,Ibuprofene,44
2023-01-31,Ibuprofene,42
2023-02-01,Ibuprofene,39
2023-02-02,Ibuprofene,42
2023-02-03,Ibuprofene,41
2023-02-04,Ibuprofene,40
2023-02-05,Ibuprofene,23
2023-02-06,Ibuprofene,49
2023-02-07,Ibuprofene,39
2023-02-08,Ibuprofene,43
2023-02-09,Ibuprofene,40
2023-02-10,Ibuprofene,58
2023-02-11,Ibuprofene,40
2023-02-12,Ibuprofene,27
2023-02-13,Ibuprofene,47
2023-02-14,Ibuprofene,32
2023-02-15,Ibuprofene,46
2023-02-16,Ibuprofene,57
2023-02-17,Ibuprofene,49
2023-02-18,Ibuprofene,38
2023-02-19,Ibuprofene,30
2023-02-20,Ibuprofene,50
2023-02-21,Ibuprofene,33
2023-02-22,Ibuprofene,35
2023-02-23,Ibuprofene,46
2023-02-24,Ibuprofene,44
2023-02-25,Ibuprofene,45
2023-02-26,Ibuprofene,26
2023-02-27,Ibuprofene,32
2023-02-28,Ibuprofene,38
2023-03-01,Ibuprofene,31
2023-03-02,Ibuprofene,46
2023-03-03,Ibuprofene,51
2023-03-04,Ibuprofene,39
2023-03-05,Ibuprofene,34
2023-03-06,Ibuprofene,56
2023-03-07,Ibuprofene,49
2023-03-08,Ibuprofene,35
2023-03-09,Ibuprofene,52
2023-03-10,Ibuprofene,57
2023-03-11,Ibuprofene,43
2023-03-12,Ibuprofene,34
2023-03-13,Ibuprofene,40
2023-03-14,Ibuprofene,65
2023-03-15,Ibuprofene,44
2023-03-16,Ibuprofene,53
2023-03-17,Ibuprofene,40
2023-03-18,Ibuprofene,36
2023-03-19,Ibuprofene,36
2023-03-20,Ibuprofene,46
2023-03-21,Ibuprofene,57
2023-03-22,Ibuprofene,52
2023-03-23,Ibuprofene,47
2023-03-24,Ibuprofene,63
2023-03-25,Ibuprofene,40
2023-03-26,Ibuprofene,22
2023-03-27,Ibuprofene,43
2023-03-28,Ibuprofene,55
2023-03-29,Ibuprofene,53
2023-03-30,Ibuprofene,37
2023-03-31,Ibuprofene,47
2023-04-01,Ibuprofene,38
2023-04-02,Ibuprofene,28
2023-04-03,Ibuprofene,39
2023-04-04,Ibuprofene,46
2023-04-05,Ibuprofene,45
2023-04-06,Ibuprofene,54
2023-04-07,Ibuprofene,59
2023-04-08,Ibuprofene,41
2023-04-09,Ibuprofene,28
2023-04-10,Ibuprofene,49
2023-04-11,Ibuprofene,45
2023-04-12,Ibuprofene,42
2023-04-13,Ibuprofene,42
2023-04-14,Ibuprofene,48
2023-04-15,Ibuprofene,35
2023-04-16,Ibuprofene,31
2023-04-17,Ibuprofene,53
2023-04-18,Ibuprofene,39
2023-04-19,Ibuprofene,51
2023-04-20,Ibuprofene,47
2023-04-21,Ibuprofene,56
2023-04-22,Ibuprofene,41
2023-04-23,Ibuprofene,24
2023-04-24,Ibuprofene,40
2023-04-25,Ibuprofene,51
2023-04-26,Ibuprofene,58
2023-04-27,Ibuprofene,33
2023-04-28,Ibuprofene,56
2023-04-29,Ibuprofene,49
2023-04-30,Ibuprofene,29
2023-05-01,Ibuprofene,37
2023-05-02,Ibuprofene,46
2023-05-03,Ibuprofene,50
2023-05-04,Ibuprofene,37
2023-05-05,Ibuprofene,35
2023-05-06,Ibuprofene,47
2023-05-07,Ibuprofene,26
2023-05-08,Ibuprofene,45
2023-05-09,Ibuprofene,41
2023-05-10,Ibuprofene,41
2023-05-11,Ibuprofene,47
2023-05-12,Ibuprofene,48
2023-05-13,Ibuprofene,44
2023-05-14,Ibuprofene,32
2023-05-15,Ibuprofene,51
2023-05-16,Ibuprofene,53
2023-05-17,Ibuprofene,62
2023-05-18,Ibuprofene,41
2023-05-19,Ibuprofene,53
2023-05-20,Ibuprofene,48
2023-05-21,Ibuprofene,35
2023-05-22,Ibuprofene,39
2023-05-23,Ibuprofene,49
2023-05-24,Ibuprofene,61
2023-05-25,Ibuprofene,52
2023-05-26,Ibuprofene,55
2023-05-27,Ibuprofene,40
2023-05-28,Ibuprofene,28
2023-05-29,Ibuprofene,51
2023-05-30,Ibuprofene,49
2023-05-31,Ibuprofene,51
2023-06-01,Ibuprofene,38
2023-06-02,Ibuprofene,37
2023-06-03,Ibuprofene,34
2023-06-04,Ibuprofene,33
2023-06-05,Ibuprofene,28
2023-06-06,Ibuprofene,41
2023-06-07,Ibuprofene,35
2023-06-08,Ibuprofene,40
2023-06-09,Ibuprofene,41
2023-06-10,Ibuprofene,36
2023-06-11,Ibuprofene,27
2023-06-12,Ibuprofene,38
2023-06-13,Ibuprofene,46
2023-06-14,Ibuprofene,26
2023-06-15,Ibuprofene,46
2023-06-16,Ibuprofene,43
2023-06-17,Ibuprofene,37
2023-06-18,Ibuprofene,19
2023-06-19,Ibuprofene,33
2023-06-20,Ibuprofene,40
2023-06-21,Ibuprofene,39
2023-06-22,Ibuprofene,39
2023-06-23,Ibuprofene,47
2023-06-24,Ibuprofene,24
2023-06-25,Ibuprofene,26
2023-06-26,Ibuprofene,38
2023-06-27,Ibuprofene,38
2023-06-28,Ibuprofene,31
2023-06-29,Ibuprofene,40
2023-06-30,Ibuprofene,27
2023-07-01,Ibuprofene,35
2023-07-02,Ibuprofene,18
2023-07-03,Ibuprofene,38
2023-07-04,Ibuprofene,39
2023-07-05,Ibuprofene,46
2023-07-06,Ibuprofene,37
2023-07-07,Ibuprofene,37
2023-07-08,Ibuprofene,30
2023-07-09,Ibuprofene,27
2023-07-10,Ibuprofene,40
2023-07-11,Ibuprofene,37
2023-07-12,Ibuprofene,38
2023-07-13,Ibuprofene,29
2023-07-14,Ibuprofene,43
2023-07-15,Ibuprofene,24
2023-07-16,Ibuprofene,26
2023-07-17,Ibuprofene,38
2023-07-18,Ibuprofene,53
2023-07-19,Ibuprofene,33
2023-07-20,Ibuprofene,37
2023-07-21,Ibuprofene,52
2023-07-22,Ibuprofene,38
2023-07-23,Ibuprofene,21
2023-07-24,Ibuprofene,39
2023-07-25,Ibuprofene,39
2023-07-26,Ibuprofene,41
2023-07-27,Ibuprofene,34
2023-07-28,Ibuprofene,41
2023-07-29,Ibuprofene,25
2023-07-30,Ibuprofene,17
2023-07-31,Ibuprofene,40
2023-08-01,Ibuprofene,38
2023-08-02,Ibuprofene,30
2023-08-03,Ibuprofene,43
2023-08-04,Ibuprofene,43
2023-08-05,Ibuprofene,29
2023-08-06,Ibuprofene,22
2023-08-07,Ibuprofene,30
2023-08-08,Ibuprofene,34
2023-08-09,Ibuprofene,36
2023-08-10,Ibuprofene,44
2023-08-11,Ibuprofene,38
2023-08-12,Ibuprofene,35
2023-08-13,Ibuprofene,22
2023-08-14,Ibuprofene,27
2023-08-15,Ibuprofene,39
2023-08-16,Ibuprofene,44
2023-08-17,Ibuprofene,35
2023-08-18,Ibuprofene,32
2023-08-19,Ibuprofene,26
2023-08-20,Ibuprofene,15
2023-08-21,Ibuprofene,22
2023-08-22,Ibuprofene,42
2023-08-23,Ibuprofene,37
2023-08-24,Ibuprofene,51
2023-08-25,Ibuprofene,31
2023-08-26,Ibuprofene,33
2023-08-27,Ibuprofene,20
2023-08-28,Ibuprofene,35
2023-08-29,Ibuprofene,40
2023-08-30,Ibuprofene,26
2023-08-31,Ibuprofene,39
2023-09-01,Ibuprofene,53
2023-09-02,Ibuprofene,30
2023-09-03,Ibuprofene,24
2023-09-04,Ibuprofene,43
2023-09-05,Ibuprofene,39
2023-09-06,Ibuprofene,36
2023-09-07,Ibuprofene,26
2023-09-08,Ibuprofene,45
2023-09-09,Ibuprofene,32
2023-09-10,Ibuprofene,20
2023-09-11,Ibuprofene,38
2023-09-12,Ibuprofene,36
2023-09-13,Ibuprofene,37
2023-09-14,Ibuprofene,41
2023-09-15,Ibuprofene,34
2023-09-16,Ibuprofene,37
2023-09-17,Ibuprofene,19
2023-09-18,Ibuprofene,34
2023-09-19,Ibuprofene,51
2023-09-20,Ibuprofene,46
2023-09-21,Ibuprofene,38
2023-09-22,Ibuprofene,36
2023-09-23,Ibuprofene,30
2023-09-24,Ibuprofene,24
2023-09-25,Ibuprofene,38
2023-09-26,Ibuprofene,39
2023-09-27,Ibuprofene,40
2023-09-28,Ibuprofene,37
2023-09-29,Ibuprofene,33
2023-09-30,Ibuprofene,30
2023-10-01,Ibuprofene,27
2023-10-02,Ibuprofene,30
2023-10-03,Ibuprofene,39
2023-10-04,Ibuprofene,35
2023-10-05,Ibuprofene,39
2023-10-06,Ibuprofene,39
2023-10-07,Ibuprofene,39
2023-10-08,Ibuprofene,25
2023-10-09,Ibuprofene,31
2023-10-10,Ibuprofene,44
2023-10-11,Ibuprofene,35
2023-10-12,Ibuprofene,35
2023-10-13,Ibuprofene,43
2023-10-14,Ibuprofene,30
2023-10-15,Ibuprofene,26
2023-10-16,Ibuprofene,34
2023-10-17,Ibuprofene,36
2023-10-18,Ibuprofene,36
2023-10-19,Ibuprofene,35
2023-10-20,Ibuprofene,48
2023-10-21,Ibuprofene,35
2023-10-22,Ibuprofene,29
2023-10-23,Ibuprofene,50
2023-10-24,Ibuprofene,34
2023-10-25,Ibuprofene,40
2023-10-26,Ibuprofene,32
2023-10-27,Ibuprofene,37
2023-10-28,Ibuprofene,30
2023-10-29,Ibuprofene,20
2023-10-30,Ibuprofene,32
2023-10-31,Ibuprofene,39
2023-11-01,Ibuprofene,33
2023-11-02,Ibuprofene,43
2023-11-03,Ibuprofene,36
2023-11-04,Ibuprofene,46
2023-11-05,Ibuprofene,22
2023-11-06,Ibuprofene,27
2023-11-07,Ibuprofene,32
2023-11-08,Ibuprofene,50
2023-11-09,Ibuprofene,44
2023-11-10,Ibuprofene,43
2023-11-11,Ibuprofene,26
2023-11-12,Ibuprofene,24
2023-11-13,Ibuprofene,32
2023-11-14,Ibuprofene,48
2023-11-15,Ibuprofene,45
2023-11-16,Ibuprofene,39
2023-11-17,Ibuprofene,27
2023-11-18,Ibuprofene,20
2023-11-19,Ibuprofene,26
2023-11-20,Ibuprofene,45
2023-11-21,Ibuprofene,46
2023-11-22,Ibuprofene,31
2023-11-23,Ibuprofene,40
2023-11-24,Ibuprofene,48
2023-11-25,Ibuprofene,25
2023-11-26,Ibuprofene,24
2023-11-27,Ibuprofene,40
2023-11-28,Ibuprofene,38
2023-11-29,Ibuprofene,29
2023-11-30,Ibuprofene,36
2023-12-01,Ibuprofene,48
2023-12-02,Ibuprofene,38
2023-12-03,Ibuprofene,26
2023-12-04,Ibuprofene,43
2023-12-05,Ibuprofene,48
2023-12-06,Ibuprofene,51
2023-12-07,Ibuprofene,44
2023-12-08,Ibuprofene,47
2023-12-09,Ibuprofene,40
2023-12-10,Ibuprofene,21
2023-12-11,Ibuprofene,49
2023-12-12,Ibuprofene,48
2023-12-13,Ibuprofene,48
2023-12-14,Ibuprofene,52
2023-12-15,Ibuprofene,36
2023-12-16,Ibuprofene,28
2023-12-17,Ibuprofene,30
2023-12-18,Ibuprofene,46
2023-12-19,Ibuprofene,49
2023-12-20,Ibuprofene,45
2023-12-21,Ibuprofene,50
2023-12-22,Ibuprofene,57
2023-12-23,Ibuprofene,42
2023-12-24,Ibuprofene,27
2023-12-25,Ibuprofene,32
2023-12-26,Ibuprofene,53
2023-12-27,Ibuprofene,56
2023-12-28,Ibuprofene,50
2023-12-29,Ibuprofene,44
2023-12-30,Ibuprofene,43
2023-12-31,Ibuprofene,32
2024-01-01,Ibuprofene,39
2024-01-02,Ibuprofene,42
2024-01-03,Ibuprofene,47
2024-01-04,Ibuprofene,51
2024-01-05,Ibuprofene,51
2024-01-06,Ibuprofene,33
2024-01-07,Ibuprofene,30
2024-01-08,Ibuprofene,50
2024-01-09,Ibuprofene,49
2024-01-10,Ibuprofene,50
2024-01-11,Ibuprofene,31
2024-01-12,Ibuprofene,61
2024-01-13,Ibuprofene,34
2024-01-14,Ibuprofene,26
2024-01-15,Ibuprofene,46
2024-01-16,Ibuprofene,54
2024-01-17,Ibuprofene,38
2024-01-18,Ibuprofene,37
2024-01-19,Ibuprofene,36
2024-01-20,Ibuprofene,40
2024-01-21,Ibuprofene,24
2024-01-22,Ibuprofene,44
2024-01-23,Ibuprofene,53
2024-01-24,Ibuprofene,44
2024-01-25,Ibuprofene,48
2024-01-26,Ibuprofene,48
2024-01-27,Ibuprofene,43
2024-01-28,Ibuprofene,30
2024-01-29,Ibuprofene,42
2024-01-30,Ibuprofene,47
2024-01-31,Ibuprofene,55
2024-02-01,Ibuprofene,49
2024-02-02,Ibuprofene,40
2024-02-03,Ibuprofene,43
2024-02-04,Ibuprofene,24
2024-02-05,Ibuprofene,55
2024-02-06,Ibuprofene,55
2024-02-07,Ibuprofene,50
2024-02-08,Ibuprofene,47
2024-02-09,Ibuprofene,49
2024-02-10,Ibuprofene,43
2024-02-11,Ibuprofene,27
2024-02-12,Ibuprofene,48
2024-02-13,Ibuprofene,54
2024-02-14,Ibuprofene,44
2024-02-15,Ibuprofene,42
2024-02-16,Ibuprofene,42
2024-02-17,Ibuprofene,34
2024-02-18,Ibuprofene,21
2024-02-19,Ibuprofene,51
2024-02-20,Ibuprofene,61
2024-02-21,Ibuprofene,58
2024-02-22,Ibuprofene,35
2024-02-23,Ibuprofene,56
2024-02-24,Ibuprofene,48
2024-02-25,Ibuprofene,27
2024-02-26,Ibuprofene,47
2024-02-27,Ibuprofene,35
2024-02-28,Ibuprofene,50
2024-02-29,Ibuprofene,39
2024-03-01,Ibuprofene,56
2024-03-02,Ibuprofene,33
2024-03-03,Ibuprofene,33
2024-03-04,Ibuprofene,57
2024-03-05,Ibuprofene,47
2024-03-06,Ibuprofene,44
2024-03-07,Ibuprofene,35
2024-03-08,Ibuprofene,53
2024-03-09,Ibuprofene,39
2024-03-10,Ibuprofene,24
2024-03-11,Ibuprofene,53
2024-03-12,Ibuprofene,49
2024-03-13,Ibuprofene,44
2024-03-14,Ibuprofene,46
2024-03-15,Ibuprofene,63
2024-03-16,Ibuprofene,47
2024-03-17,Ibuprofene,30
2024-03-18,Ibuprofene,55
2024-03-19,Ibuprofene,44
2024-03-20,Ibuprofene,53
2024-03-21,Ibuprofene,51
2024-03-22,Ibuprofene,51
2024-03-23,Ibuprofene,46
2024-03-24,Ibuprofene,28
2024-03-25,Ibuprofene,54
2024-03-26,Ibuprofene,57
2024-03-27,Ibuprofene,31
2024-03-28,Ibuprofene,59
2024-03-29,Ibuprofene,31
2024-03-30,Ibuprofene,39
2024-03-31,Ibuprofene,36
2024-04-01,Ibuprofene,48
2024-04-02,Ibuprofene,42
2024-04-03,Ibuprofene,44
2024-04-04,Ibuprofene,58
2024-04-05,Ibuprofene,40
2024-04-06,Ibuprofene,50
2024-04-07,Ibuprofene,31
2024-04-08,Ibuprofene,42
2024-04-09,Ibuprofene,48
2024-04-10,Ibuprofene,45
2024-04-11,Ibuprofene,57
2024-04-12,Ibuprofene,61
2024-04-13,Ibuprofene,33
2024-04-14,Ibuprofene,29
2024-04-15,Ibuprofene,44
2024-04-16,Ibuprofene,62
2024-04-17,Ibuprofene,43
2024-04-18,Ibuprofene,62
2024-04-19,Ibuprofene,55
2024-04-20,Ibuprofene,36
2024-04-21,Ibuprofene,28
2024-04-22,Ibuprofene,45
2024-04-23,Ibuprofene,43
2024-04-24,Ibuprofene,54
2024-04-25,Ibuprofene,42
2024-04-26,Ibuprofene,38
2024-04-27,Ibuprofene,41
2024-04-28,Ibuprofene,23
2024-04-29,Ibuprofene,45
2024-04-30,Ibuprofene,46
2024-05-01,Ibuprofene,32
2024-05-02,Ibuprofene,65
2024-05-03,Ibuprofene,56
2024-05-04,Ibuprofene,45
2024-05-05,Ibuprofene,23
2024-05-06,Ibuprofene,46
2024-05-07,Ibuprofene,54
2024-05-08,Ibuprofene,45
2024-05-09,Ibuprofene,57
2024-05-10,Ibuprofene,46
2024-05-11,Ibuprofene,42
2024-05-12,Ibuprofene,29
2024-05-13,Ibuprofene,52
2024-05-14,Ibuprofene,48
2024-05-15,Ibuprofene,51
2024-05-16,Ibuprofene,49
2024-05-17,Ibuprofene,50
2024-05-18,Ibuprofene,46
2024-05-19,Ibuprofene,32
2024-05-20,Ibuprofene,50
2024-05-21,Ibuprofene,50
2024-05-22,Ibuprofene,59
2024-05-23,Ibuprofene,49
2024-05-24,Ibuprofene,53
2024-05-25,Ibuprofene,44
2024-05-26,Ibuprofene,39
2024-05-27,Ibuprofene,41
2024-05-28,Ibuprofene,59
2024-05-29,Ibuprofene,39
2024-05-30,Ibuprofene,52
2024-05-31,Ibuprofene,68
2024-06-01,Ibuprofene,36
2024-06-02,Ibuprofene,25
2024-06-03,Ibuprofene,36
2024-06-04,Ibuprofene,41
2024-06-05,Ibuprofene,39
2024-06-06,Ibuprofene,35
2024-06-07,Ibuprofene,41
2024-06-08,Ibuprofene,34
2024-06-09,Ibuprofene,21
2024-06-10,Ibuprofene,34
2024-06-11,Ibuprofene,33
2024-06-12,Ibuprofene,43
2024-06-13,Ibuprofene,42
2024-06-14,Ibuprofene,44
2024-06-15,Ibuprofene,38
2024-06-16,Ibuprofene,24
2024-06-17,Ibuprofene,41
2024-06-18,Ibuprofene,43
2024-06-19,Ibuprofene,40
2024-06-20,Ibuprofene,36
2024-06-21,Ibuprofene,56
2024-06-22,Ibuprofene,31
2024-06-23,Ibuprofene,22
2024-06-24,Ibuprofene,41
2024-06-25,Ibuprofene,42
2024-06-26,Ibuprofene,33
2024-06-27,Ibuprofene,45
2024-06-28,Ibuprofene,42
2024-06-29,Ibuprofene,28
2024-06-30,Ibuprofene,28
2024-07-01,Ibuprofene,43
2024-07-02,Ibuprofene,34
2024-07-03,Ibuprofene,51
2024-07-04,Ibuprofene,43
2024-07-05,Ibuprofene,43
2024-07-06,Ibuprofene,41
2024-07-07,Ibuprofene,25
2024-07-08,Ibuprofene,39
2024-07-09,Ibuprofene,37
2024-07-10,Ibuprofene,44
2024-07-11,Ibuprofene,42
2024-07-12,Ibuprofene,43
2024-07-13,Ibuprofene,30
2024-07-14,Ibuprofene,25
2024-07-15,Ibuprofene,39
2024-07-16,Ibuprofene,33
2024-07-17,Ibuprofene,32
2024-07-18,Ibuprofene,42
2024-07-19,Ibuprofene,27
2024-07-20,Ibuprofene,35
2024-07-21,Ibuprofene,23
2024-07-22,Ibuprofene,46
2024-07-23,Ibuprofene,38
2024-07-24,Ibuprofene,45
2024-07-25,Ibuprofene,37
2024-07-26,Ibuprofene,44
2024-07-27,Ibuprofene,37
2024-07-28,Ibuprofene,23
2024-07-29,Ibuprofene,45
2024-07-30,Ibuprofene,25
2024-07-31,Ibuprofene,43
2024-08-01,Ibuprofene,44
2024-08-02,Ibuprofene,47
2024-08-03,Ibuprofene,43
2024-08-04,Ibuprofene,22
2024-08-05,Ibuprofene,31
2024-08-06,Ibuprofene,35
2024-08-07,Ibuprofene,45
2024-08-08,Ibuprofene,42
2024-08-09,Ibuprofene,44
2024-08-10,Ibuprofene,28
2024-08-11,Ibuprofene,27
2024-08-12,Ibuprofene,32
2024-08-13,Ibuprofene,48
2024-08-14,Ibuprofene,41
2024-08-15,Ibuprofene,41
2024-08-16,Ibuprofene,47
2024-08-17,Ibuprofene,31
2024-08-18,Ibuprofene,18
2024-08-19,Ibuprofene,36
2024-08-20,Ibuprofene,24
2024-08-21,Ibuprofene,23
2024-08-22,Ibuprofene,49
2024-08-23,Ibuprofene,45
2024-08-24,Ibuprofene,35
2024-08-25,Ibuprofene,23
2024-08-26,Ibuprofene,38
2024-08-27,Ibuprofene,47
2024-08-28,Ibuprofene,41
2024-08-29,Ibuprofene,42
2024-08-30,Ibuprofene,42
2024-08-31,Ibuprofene,32
2024-09-01,Ibuprofene,19
2024-09-02,Ibuprofene,28
2024-09-03,Ibuprofene,40
2024-09-04,Ibuprofene,42
2024-09-05,Ibuprofene,32
2024-09-06,Ibuprofene,43
2024-09-07,Ibuprofene,34
2024-09-08,Ibuprofene,17
2024-09-09,Ibuprofene,34
2024-09-10,Ibuprofene,44
2024-09-11,Ibuprofene,44
2024-09-12,Ibuprofene,33
2024-09-13,Ibuprofene,44
2024-09-14,Ibuprofene,39
2024-09-15,Ibuprofene,27
2024-09-16,Ibuprofene,39
2024-09-17,Ibuprofene,38
2024-09-18,Ibuprofene,38
2024-09-19,Ibuprofene,42
2024-09-20,Ibuprofene,44
2024-09-21,Ibuprofene,37
2024-09-22,Ibuprofene,25
2024-09-23,Ibuprofene,44
2024-09-24,Ibuprofene,42
2024-09-25,Ibuprofene,46
2024-09-26,Ibuprofene,44
2024-09-27,Ibuprofene,38
2024-09-28,Ibuprofene,25
2024-09-29,Ibuprofene,30
2024-09-30,Ibuprofene,41
2024-10-01,Ibuprofene,31
2024-10-02,Ibuprofene,37
2024-10-03,Ibuprofene,44
2024-10-04,Ibuprofene,41
2024-10-05,Ibuprofene,31
2024-10-06,Ibuprofene,29
2024-10-07,Ibuprofene,34
2024-10-08,Ibuprofene,37
2024-10-09,Ibuprofene,43
2024-10-10,Ibuprofene,42
2024-10-11,Ibuprofene,46
2024-10-12,Ibuprofene,38
2024-10-13,Ibuprofene,25
2024-10-14,Ibuprofene,42
2024-10-15,Ibuprofene,40
2024-10-16,Ibuprofene,42
2024-10-17,Ibuprofene,40
2024-10-18,Ibuprofene,45
2024-10-19,Ibuprofene,38
2024-10-20,Ibuprofene,26
2024-10-21,Ibuprofene,40
2024-10-22,Ibuprofene,37
2024-10-23,Ibuprofene,42
2024-10-24,Ibuprofene,39
2024-10-25,Ibuprofene,44
2024-10-26,Ibuprofene,45
2024-10-27,Ibuprofene,23
2024-10-28,Ibuprofene,42
2024-10-29,Ibuprofene,48
2024-10-30,Ibuprofene,42
2024-10-31,Ibuprofene,53
2024-11-01,Ibuprofene,41
2024-11-02,Ibuprofene,35
2024-11-03,Ibuprofene,22
2024-11-04,Ibuprofene,38
2024-11-05,Ibuprofene,43
2024-11-06,Ibuprofene,33
2024-11-07,Ibuprofene,41
2024-11-08,Ibuprofene,51
2024-11-09,Ibuprofene,33
2024-11-10,Ibuprofene,23
2024-11-11,Ibuprofene,55
2024-11-12,Ibuprofene,44
2024-11-13,Ibuprofene,37
2024-11-14,Ibuprofene,36
2024-11-15,Ibuprofene,38
2024-11-16,Ibuprofene,39
2024-11-17,Ibuprofene,23
2024-11-18,Ibuprofene,28
2024-11-19,Ibuprofene,41
2024-11-20,Ibuprofene,46
2024-11-21,Ibuprofene,35
2024-11-22,Ibuprofene,37
2024-11-23,Ibuprofene,35
2024-11-24,Ibuprofene,27
2024-11-25,Ibuprofene,42
2024-11-26,Ibuprofene,37
2024-11-27,Ibuprofene,46
2024-11-28,Ibuprofene,35
2024-11-29,Ibuprofene,40
2024-11-30,Ibuprofene,29
2024-12-01,Ibuprofene,35
2024-12-02,Ibuprofene,52
2024-12-03,Ibuprofene,54
2024-12-04,Ibuprofene,59
2024-12-05,Ibuprofene,67
2024-12-06,Ibuprofene,39
2024-12-07,Ibuprofene,37
2024-12-08,Ibuprofene,27
2024-12-09,Ibuprofene,42
2024-12-10,Ibuprofene,42
2024-12-11,Ibuprofene,48
2024-12-12,Ibuprofene,39
2024-12-13,Ibuprofene,55
2024-12-14,Ibuprofene,41
2024-12-15,Ibuprofene,32
2024-12-16,Ibuprofene,51
2024-12-17,Ibuprofene,54
2024-12-18,Ibuprofene,47
2024-12-19,Ibuprofene,62
2024-12-20,Ibuprofene,54
2024-12-21,Ibuprofene,30
2024-12-22,Ibuprofene,25
2024-12-23,Ibuprofene,36
2024-12-24,Ibuprofene,50
2024-12-25,Ibuprofene,49
2024-12-26,Ibuprofene,45
2024-12-27,Ibuprofene,67
2024-12-28,Ibuprofene,44
2024-12-29,Ibuprofene,33
2024-12-30,Ibuprofene,41
2024-12-31,Ibuprofene,43
2023-01-01,Loratadine,5
2023-01-02,Loratadine,9
2023-01-03,Loratadine,14
2023-01-04,Loratadine,12
2023-01-05,Loratadine,7
2023-01-06,Loratadine,11
2023-01-07,Loratadine,9
2023-01-08,Loratadine,6
2023-01-09,Loratadine,15
2023-01-10,Loratadine,13
2023-01-11,Loratadine,11
2023-01-12,Loratadine,12
2023-01-13,Loratadine,12
2023-01-14,Loratadine,7
2023-01-15,Loratadine,7
2023-01-16,Loratadine,11
2023-01-17,Loratadine,7
2023-01-18,Loratadine,10
2023-01-19,Loratadine,10
2023-01-20,Loratadine,13
2023-01-21,Loratadine,11
2023-01-22,Loratadine,6
2023-01-23,Loratadine,12
2023-01-24,Loratadine,11
2023-01-25,Loratadine,3
2023-01-26,Loratadine,10
2023-01-27,Loratadine,16
2023-01-28,Loratadine,5
2023-01-29,Loratadine,7
2023-01-30,Loratadine,16
2023-01-31,Loratadine,9
2023-02-01,Loratadine,12
2023-02-02,Loratadine,7
2023-02-03,Loratadine,17
2023-02-04,Loratadine,9
2023-02-05,Loratadine,7
2023-02-06,Loratadine,15
2023-02-07,Loratadine,14
2023-02-08,Loratadine,9
2023-02-09,Loratadine,9
2023-02-10,Loratadine,14
2023-02-11,Loratadine,8
2023-02-12,Loratadine,3
2023-02-13,Loratadine,11
2023-02-14,Loratadine,7
2023-02-15,Loratadine,17
2023-02-16,Loratadine,12
2023-02-17,Loratadine,9
2023-02-18,Loratadine,8
2023-02-19,Loratadine,3
2023-02-20,Loratadine,8
2023-02-21,Loratadine,15
2023-02-22,Loratadine,19
2023-02-23,Loratadine,13
2023-02-24,Loratadine,12
2023-02-25,Loratadine,8
2023-02-26,Loratadine,5
2023-02-27,Loratadine,17
2023-02-28,Loratadine,11
2023-03-01,Loratadine,52
2023-03-02,Loratadine,44
2023-03-03,Loratadine,19
2023-03-04,Loratadine,22
2023-03-05,Loratadine,16
2023-03-06,Loratadine,31
2023-03-07,Loratadine,33
2023-03-08,Loratadine,60
2023-03-09,Loratadine,23
2023-03-10,Loratadine,37
2023-03-11,Loratadine,32
2023-03-12,Loratadine,20
2023-03-13,Loratadine,33
2023-03-14,Loratadine,24
2023-03-15,Loratadine,34
2023-03-16,Loratadine,36
2023-03-17,Loratadine,38
2023-03-18,Loratadine,32
2023-03-19,Loratadine,27
2023-03-20,Loratadine,40
2023-03-21,Loratadine,34
2023-03-22,Loratadine,23
2023-03-23,Loratadine,27
2023-03-24,Loratadine,33
2023-03-25,Loratadine,29
2023-03-26,Loratadine,17
2023-03-27,Loratadine,24
2023-03-28,Loratadine,23
2023-03-29,Loratadine,19
2023-03-30,Loratadine,30
2023-03-31,Loratadine,21
2023-04-01,Loratadine,20
2023-04-02,Loratadine,18
2023-04-03,Loratadine,21
2023-04-04,Loratadine,37
2023-04-05,Loratadine,40
2023-04-06,Loratadine,27
2023-04-07,Loratadine,31
2023-04-08,Loratadine,31
2023-04-09,Loratadine,16
2023-04-10,Loratadine,25
2023-04-11,Loratadine,44
2023-04-12,Loratadine,42
2023-04-13,Loratadine,37
2023-04-14,Loratadine,44
2023-04-15,Loratadine,13
2023-04-16,Loratadine,27
2023-04-17,Loratadine,36
2023-04-18,Loratadine,43
2023-04-19,Loratadine,37
2023-04-20,Loratadine,33
2023-04-21,Loratadine,33
2023-04-22,Loratadine,30
2023-04-23,Loratadine,18
2023-04-24,Loratadine,40
2023-04-25,Loratadine,19
2023-04-26,Loratadine,29
2023-04-27,Loratadine,50
2023-04-28,Loratadine,29
2023-04-29,Loratadine,26
2023-04-30,Loratadine,15
2023-05-01,Loratadine,25
2023-05-02,Loratadine,27
2023-05-03,Loratadine,32
2023-05-04,Loratadine,40
2023-05-05,Loratadine,29
2023-05-06,Loratadine,33
2023-05-07,Loratadine,24
2023-05-08,Loratadine,41
2023-05-09,Loratadine,35
2023-05-10,Loratadine,63
2023-05-11,Loratadine,41
2023-05-12,Loratadine,38
2023-05-13,Loratadine,21
2023-05-14,Loratadine,20
2023-05-15,Loratadine,45
2023-05-16,Loratadine,49
2023-05-17,Loratadine,47
2023-05-18,Loratadine,39
2023-05-19,Loratadine,24
2023-05-20,Loratadine,31
2023-05-21,Loratadine,13
2023-05-22,Loratadine,20
2023-05-23,Loratadine,36
2023-05-24,Loratadine,39
2023-05-25,Loratadine,40
2023-05-26,Loratadine,40
2023-05-27,Loratadine,32
2023-05-28,Loratadine,15
2023-05-29,Loratadine,32
2023-05-30,Loratadine,20
2023-05-31,Loratadine,16
2023-06-01,Loratadine,23
2023-06-02,Loratadine,17
2023-06-03,Loratadine,21
2023-06-04,Loratadine,16
2023-06-05,Loratadine,16
2023-06-06,Loratadine,24
2023-06-07,Loratadine,17
2023-06-08,Loratadine,10
2023-06-09,Loratadine,22
2023-06-10,Loratadine,15
2023-06-11,Loratadine,11
2023-06-12,Loratadine,30
2023-06-13,Loratadine,12
2023-06-14,Loratadine,23
2023-06-15,Loratadine,14
2023-06-16,Loratadine,27
2023-06-17,Loratadine,18
2023-06-18,Loratadine,13
2023-06-19,Loratadine,15
2023-06-20,Loratadine,16
2023-06-21,Loratadine,26
2023-06-22,Loratadine,29
2023-06-23,Loratadine,24
2023-06-24,Loratadine,13
2023-06-25,Loratadine,13
2023-06-26,Loratadine,32
2023-06-27,Loratadine,21
2023-06-28,Loratadine,28
2023-06-29,Loratadine,16
2023-06-30,Loratadine,21
2023-07-01,Loratadine,20
2023-07-02,Loratadine,13
2023-07-03,Loratadine,16
2023-07-04,Loratadine,16
2023-07-05,Loratadine,26
2023-07-06,Loratadine,26
2023-07-07,Loratadine,30
2023-07-08,Loratadine,25
2023-07-09,Loratadine,13
2023-07-10,Loratadine,18
2023-07-11,Loratadine,28
2023-07-12,Loratadine,24
2023-07-13,Loratadine,14
2023-07-14,Loratadine,16
2023-07-15,Loratadine,19
2023-07-16,Loratadine,12
2023-07-17,Loratadine,20
2023-07-18,Loratadine,26
2023-07-19,Loratadine,25
2023-07-20,Loratadine,27
2023-07-21,Loratadine,10
2023-07-22,Loratadine,18
2023-07-23,Loratadine,14
2023-07-24,Loratadine,12
2023-07-25,Loratadine,17
2023-07-26,Loratadine,16
2023-07-27,Loratadine,20
2023-07-28,Loratadine,31
2023-07-29,Loratadine,26
2023-07-30,Loratadine,7
2023-07-31,Loratadine,22
2023-08-01,Loratadine,24
2023-08-02,Loratadine,23
2023-08-03,Loratadine,22
2023-08-04,Loratadine,23
2023-08-05,Loratadine,25
2023-08-06,Loratadine,16
2023-08-07,Loratadine,14
2023-08-08,Loratadine,25
2023-08-09,Loratadine,26
2023-08-10,Loratadine,21
2023-08-11,Loratadine,28
2023-08-12,Loratadine,18
2023-08-13,Loratadine,13
2023-08-14,Loratadine,14
2023-08-15,Loratadine,10
2023-08-16,Loratadine,20
2023-08-17,Loratadine,16
2023-08-18,Loratadine,15
2023-08-19,Loratadine,23
2023-08-20,Loratadine,10
2023-08-21,Loratadine,14
2023-08-22,Loratadine,18
2023-08-23,Loratadine,22
2023-08-24,Loratadine,25
2023-08-25,Loratadine,17
2023-08-26,Loratadine,17
2023-08-27,Loratadine,15
2023-08-28,Loratadine,10
2023-08-29,Loratadine,20
2023-08-30,Loratadine,18
2023-08-31,Loratadine,19
2023-09-01,Loratadine,16
2023-09-02,Loratadine,15
2023-09-03,Loratadine,15
2023-09-04,Loratadine,15
2023-09-05,Loratadine,19
2023-09-06,Loratadine,27
2023-09-07,Loratadine,14
2023-09-08,Loratadine,27
2023-09-09,Loratadine,14
2023-09-10,Loratadine,15
2023-09-11,Loratadine,20
2023-09-12,Loratadine,19
2023-09-13,Loratadine,17
2023-09-14,Loratadine,14
2023-09-15,Loratadine,19
2023-09-16,Loratadine,18
2023-09-17,Loratadine,10
2023-09-18,Loratadine,15
2023-09-19,Loratadine,16
2023-09-20,Loratadine,22
2023-09-21,Loratadine,22
2023-09-22,Loratadine,15
2023-09-23,Loratadine,12
2023-09-24,Loratadine,11
2023-09-25,Loratadine,23
2023-09-26,Loratadine,23
2023-09-27,Loratadine,12
2023-09-28,Loratadine,15
2023-09-29,Loratadine,14
2023-09-30,Loratadine,13
2023-10-01,Loratadine,15
2023-10-02,Loratadine,10
2023-10-03,Loratadine,10
2023-10-04,Loratadine,14
2023-10-05,Loratadine,18
2023-10-06,Loratadine,21
2023-10-07,Loratadine,16
2023-10-08,Loratadine,14
2023-10-09,Loratadine,9
2023-10-10,Loratadine,23
2023-10-11,Loratadine,16
2023-10-12,Loratadine,20
2023-10-13,Loratadine,12
2023-10-14,Loratadine,14
2023-10-15,Loratadine,11
2023-10-16,Loratadine,22
2023-10-17,Loratadine,10
2023-10-18,Loratadine,18
2023-10-19,Loratadine,12
2023-10-20,Loratadine,21
2023-10-21,Loratadine,17
2023-10-22,Loratadine,14
2023-10-23,Loratadine,14
2023-10-24,Loratadine,22
2023-10-25,Loratadine,24
2023-10-26,Loratadine,9
2023-10-27,Loratadine,21
2023-10-28,Loratadine,18
2023-10-29,Loratadine,10
2023-10-30,Loratadine,11
2023-10-31,Loratadine,22
2023-11-01,Loratadine,12
2023-11-02,Loratadine,16
2023-11-03,Loratadine,18
2023-11-04,Loratadine,17
2023-11-05,Loratadine,9
2023-11-06,Loratadine,10
2023-11-07,Loratadine,18
2023-11-08,Loratadine,22
2023-11-09,Loratadine,27
2023-11-10,Loratadine,11
2023-11-11,Loratadine,16
2023-11-12,Loratadine,7
2023-11-13,Loratadine,21
2023-11-14,Loratadine,13
2023-11-15,Loratadine,14
2023-11-16,Loratadine,14
2023-11-17,Loratadine,18
2023-11-18,Loratadine,11
2023-11-19,Loratadine,12
2023-11-20,Loratadine,17
2023-11-21,Loratadine,11
2023-11-22,Loratadine,21
2023-11-23,Loratadine,17
2023-11-24,Loratadine,24
2023-11-25,Loratadine,12
2023-11-26,Loratadine,6
2023-11-27,Loratadine,17
2023-11-28,Loratadine,24
2023-11-29,Loratadine,18
2023-11-30,Loratadine,16
2023-12-01,Loratadine,10
2023-12-02,Loratadine,15
2023-12-03,Loratadine,5
2023-12-04,Loratadine,9
2023-12-05,Loratadine,14
2023-12-06,Loratadine,6
2023-12-07,Loratadine,16
2023-12-08,Loratadine,15
2023-12-09,Loratadine,13
2023-12-10,Loratadine,8
2023-12-11,Loratadine,11
2023-12-12,Loratadine,9
2023-12-13,Loratadine,12
2023-12-14,Loratadine,9
2023-12-15,Loratadine,15
2023-12-16,Loratadine,12
2023-12-17,Loratadine,10
2023-12-18,Loratadine,13
2023-12-19,Loratadine,15
2023-12-20,Loratadine,11
2023-12-21,Loratadine,10
2023-12-22,Loratadine,15
2023-12-23,Loratadine,9
2023-12-24,Loratadine,8
2023-12-25,Loratadine,8
2023-12-26,Loratadine,9
2023-12-27,Loratadine,14
2023-12-28,Loratadine,15
2023-12-29,Loratadine,10
2023-12-30,Loratadine,12
2023-12-31,Loratadine,6
2024-01-01,Loratadine,8
2024-01-02,Loratadine,17
2024-01-03,Loratadine,15
2024-01-04,Loratadine,14
2024-01-05,Loratadine,20
2024-01-06,Loratadine,8
2024-01-07,Loratadine,5
2024-01-08,Loratadine,10
2024-01-09,Loratadine,12
2024-01-10,Loratadine,5
2024-01-11,Loratadine,8
2024-01-12,Loratadine,11
2024-01-13,Loratadine,12
2024-01-14,Loratadine,8
2024-01-15,Loratadine,10
2024-01-16,Loratadine,14
2024-01-17,Loratadine,15
2024-01-18,Loratadine,9
2024-01-19,Loratadine,11
2024-01-20,Loratadine,4
2024-01-21,Loratadine,5
2024-01-22,Loratadine,10
2024-01-23,Loratadine,13
2024-01-24,Loratadine,9
2024-01-25,Loratadine,10
2024-01-26,Loratadine,9
2024-01-27,Loratadine,11
2024-01-28,Loratadine,8
2024-01-29,Loratadine,13
2024-01-30,Loratadine,13
2024-01-31,Loratadine,7
2024-02-01,Loratadine,10
2024-02-02,Loratadine,12
2024-02-03,Loratadine,9
2024-02-04,Loratadine,8
2024-02-05,Loratadine,16
2024-02-06,Loratadine,15
2024-02-07,Loratadine,9
2024-02-08,Loratadine,14
2024-02-09,Loratadine,15
2024-02-10,Loratadine,8
2024-02-11,Loratadine,9
2024-02-12,Loratadine,11
2024-02-13,Loratadine,8
2024-02-14,Loratadine,14
2024-02-15,Loratadine,13
2024-02-16,Loratadine,12
2024-02-17,Loratadine,10
2024-02-18,Loratadine,6
2024-02-19,Loratadine,14
2024-02-20,Loratadine,12
2024-02-21,Loratadine,13
2024-02-22,Loratadine,13
2024-02-23,Loratadine,9
2024-02-24,Loratadine,8
2024-02-25,Loratadine,3
2024-02-26,Loratadine,14
2024-02-27,Loratadine,8
2024-02-28,Loratadine,13
2024-02-29,Loratadine,13
2024-03-01,Loratadine,43
2024-03-02,Loratadine,20
2024-03-03,Loratadine,21
2024-03-04,Loratadine,49
2024-03-05,Loratadine,52
2024-03-06,Loratadine,45
2024-03-07,Loratadine,37
2024-03-08,Loratadine,27
2024-03-09,Loratadine,35
2024-03-10,Loratadine,20
2024-03-11,Loratadine,39
2024-03-12,Loratadine,30
2024-03-13,Loratadine,34
2024-03-14,Loratadine,36
2024-03-15,Loratadine,40
2024-03-16,Loratadine,33
2024-03-17,Loratadine,18
2024-03-18,Loratadine,22
2024-03-19,Loratadine,51
2024-03-20,Loratadine,60
2024-03-21,Loratadine,38
2024-03-22,Loratadine,24
2024-03-23,Loratadine,23
2024-03-24,Loratadine,24
2024-03-25,Loratadine,47
2024-03-26,Loratadine,24
2024-03-27,Loratadine,35
2024-03-28,Loratadine,36
2024-03-29,Loratadine,46
2024-03-30,Loratadine,27
2024-03-31,Loratadine,12
2024-04-01,Loratadine,40
2024-04-02,Loratadine,47
2024-04-03,Loratadine,35
2024-04-04,Loratadine,38
2024-04-05,Loratadine,33
2024-04-06,Loratadine,23
2024-04-07,Loratadine,27
2024-04-08,Loratadine,38
2024-04-09,Loratadine,41
2024-04-10,Loratadine,51
2024-04-11,Loratadine,25
2024-04-12,Loratadine,32
2024-04-13,Loratadine,31
2024-04-14,Loratadine,18
2024-04-15,Loratadine,42
2024-04-16,Loratadine,34
2024-04-17,Loratadine,27
2024-04-18,Loratadine,35
2024-04-19,Loratadine,39
2024-04-20,Loratadine,37
2024-04-21,Loratadine,24
2024-04-22,Loratadine,39
2024-04-23,Loratadine,39
2024-04-24,Loratadine,34
2024-04-25,Loratadine,28
2024-04-26,Loratadine,41
2024-04-27,Loratadine,27
2024-04-28,Loratadine,31
2024-04-29,Loratadine,47
2024-04-30,Loratadine,42
2024-05-01,Loratadine,28
2024-05-02,Loratadine,34
2024-05-03,Loratadine,25
2024-05-04,Loratadine,28
2024-05-05,Loratadine,22
2024-05-06,Loratadine,37
2024-05-07,Loratadine,41
2024-05-08,Loratadine,45
2024-05-09,Loratadine,28
2024-05-10,Loratadine,31
2024-05-11,Loratadine,41
2024-05-12,Loratadine,26
2024-05-13,Loratadine,31
2024-05-14,Loratadine,35
2024-05-15,Loratadine,35
2024-05-16,Loratadine,35
2024-05-17,Loratadine,43
2024-05-18,Loratadine,50
2024-05-19,Loratadine,23
2024-05-20,Loratadine,41
2024-05-21,Loratadine,20
2024-05-22,Loratadine,32
2024-05-23,Loratadine,46
2024-05-24,Loratadine,42
2024-05-25,Loratadine,3
2024-05-26,Loratadine,25
2024-05-27,Loratadine,52
2024-05-28,Loratadine,17
2024-05-29,Loratadine,51
2024-05-30,Loratadine,9
2024-05-31,Loratadine,48
2024-06-01,Loratadine,18
2024-06-02,Loratadine,5
2024-06-03,Loratadine,23
2024-06-04,Loratadine,29
2024-06-05,Loratadine,24
2024-06-06,Loratadine,24
2024-06-07,Loratadine,20
2024-06-08,Loratadine,9
2024-06-09,Loratadine,15
2024-06-10,Loratadine,31
2024-06-11,Loratadine,28
2024-06-12,Loratadine,10
2024-06-13,Loratadine,12
2024-06-14,Loratadine,18
2024-06-15,Loratadine,10
2024-06-16,Loratadine,13
2024-06-17,Loratadine,23
2024-06-18,Loratadine,14
2024-06-19,Loratadine,26
2024-06-20,Loratadine,24
2024-06-21,Loratadine,20
2024-06-22,Loratadine,17
2024-06-23,Loratadine,6
2024-06-24,Loratadine,19
2024-06-25,Loratadine,22
2024-06-26,Loratadine,23
2024-06-27,Loratadine,23
2024-06-28,Loratadine,24
2024-06-29,Loratadine,17
2024-06-30,Loratadine,14
2024-07-01,Loratadine,27
2024-07-02,Loratadine,21
2024-07-03,Loratadine,24
2024-07-04,Loratadine,20
2024-07-05,Loratadine,19
2024-07-06,Loratadine,20
2024-07-07,Loratadine,11
2024-07-08,Loratadine,23
2024-07-09,Loratadine,22
2024-07-10,Loratadine,20
2024-07-11,Loratadine,19
2024-07-12,Loratadine,20
2024-07-13,Loratadine,10
2024-07-14,Loratadine,14
2024-07-15,Loratadine,22
2024-07-16,Loratadine,27
2024-07-17,Loratadine,19
2024-07-18,Loratadine,32
2024-07-19,Loratadine,21
2024-07-20,Loratadine,14
2024-07-21,Loratadine,10
2024-07-22,Loratadine,11
2024-07-23,Loratadine,31
2024-07-24,Loratadine,30
2024-07-25,Loratadine,24
2024-07-26,Loratadine,18
2024-07-27,Loratadine,27
2024-07-28,Loratadine,12
2024-07-29,Loratadine,20
2024-07-30,Loratadine,21
2024-07-31,Loratadine,26
2024-08-01,Loratadine,33
2024-08-02,Loratadine,25
2024-08-03,Loratadine,16
2024-08-04,Loratadine,11
2024-08-05,Loratadine,11
2024-08-06,Loratadine,20
2024-08-07,Loratadine,29
2024-08-08,Loratadine,24
2024-08-09,Loratadine,23
2024-08-10,Loratadine,13
2024-08-11,Loratadine,14
2024-08-12,Loratadine,27
2024-08-13,Loratadine,25
2024-08-14,Loratadine,16
2024-08-15,Loratadine,17
2024-08-16,Loratadine,29
2024-08-17,Loratadine,3
2024-08-18,Loratadine,14
2024-08-19,Loratadine,36
2024-08-20,Loratadine,9
2024-08-21,Loratadine,15
2024-08-22,Loratadine,21
2024-08-23,Loratadine,20
2024-08-24,Loratadine,23
2024-08-25,Loratadine,15
2024-08-26,Loratadine,22
2024-08-27,Loratadine,27
2024-08-28,Loratadine,22
2024-08-29,Loratadine,39
2024-08-30,Loratadine,24
2024-08-31,Loratadine,19
2024-09-01,Loratadine,6
2024-09-02,Loratadine,15
2024-09-03,Loratadine,24
2024-09-04,Loratadine,12
2024-09-05,Loratadine,8
2024-09-06,Loratadine,20
2024-09-07,Loratadine,21
2024-09-08,Loratadine,11
2024-09-09,Loratadine,16
2024-09-10,Loratadine,9
2024-09-11,Loratadine,21
2024-09-12,Loratadine,21
2024-09-13,Loratadine,10
2024-09-14,Loratadine,20
2024-09-15,Loratadine,13
2024-09-16,Loratadine,23
2024-09-17,Loratadine,21
2024-09-18,Loratadine,22
2024-09-19,Loratadine,20
2024-09-20,Loratadine,24
2024-09-21,Loratadine,8
2024-09-22,Loratadine,7
2024-09-23,Loratadine,14
2024-09-24,Loratadine,18
2024-09-25,Loratadine,21
2024-09-26,Loratadine,19
2024-09-27,Loratadine,25
2024-09-28,Loratadine,20
2024-09-29,Loratadine,8
2024-09-30,Loratadine,19
2024-10-01,Loratadine,14
2024-10-02,Loratadine,18
2024-10-03,Loratadine,19
2024-10-04,Loratadine,2
2024-10-05,Loratadine,25
2024-10-06,Loratadine,13
2024-10-07,Loratadine,15
2024-10-08,Loratadine,28
2024-10-09,Loratadine,17
2024-10-10,Loratadine,18
2024-10-11,Loratadine,17
2024-10-12,Loratadine,22
2024-10-13,Loratadine,11
2024-10-14,Loratadine,19
2024-10-15,Loratadine,25
2024-10-16,Loratadine,22
2024-10-17,Loratadine,18
2024-10-18,Loratadine,25
2024-10-19,Loratadine,26
2024-10-20,Loratadine,12
2024-10-21,Loratadine,18
2024-10-22,Loratadine,20
2024-10-23,Loratadine,25
2024-10-24,Loratadine,15
2024-10-25,Loratadine,18
2024-10-26,Loratadine,9
2024-10-27,Loratadine,8
2024-10-28,Loratadine,15
2024-10-29,Loratadine,18
2024-10-30,Loratadine,28
2024-10-31,Loratadine,20
2024-11-01,Loratadine,15
2024-11-02,Loratadine,12
2024-11-03,Loratadine,15
2024-11-04,Loratadine,23
2024-11-05,Loratadine,19
2024-11-06,Loratadine,12
2024-11-07,Loratadine,23
2024-11-08,Loratadine,14
2024-11-09,Loratadine,17
2024-11-10,Loratadine,18
2024-11-11,Loratadine,19
2024-11-12,Loratadine,15
2024-11-13,Loratadine,21
2024-11-14,Loratadine,16
2024-11-15,Loratadine,12
2024-11-16,Loratadine,18
2024-11-17,Loratadine,14
2024-11-18,Loratadine,12
2024-11-19,Loratadine,17
2024-11-20,Loratadine,14
2024-11-21,Loratadine,17
2024-11-22,Loratadine,17
2024-11-23,Loratadine,11
2024-11-24,Loratadine,17
2024-11-25,Loratadine,20
2024-11-26,Loratadine,22
2024-11-27,Loratadine,23
2024-11-28,Loratadine,22
2024-11-29,Loratadine,17
2024-11-30,Loratadine,17
2024-12-01,Loratadine,7
2024-12-02,Loratadine,14
2024-12-03,Loratadine,14
2024-12-04,Loratadine,12
2024-12-05,Loratadine,8
2024-12-06,Loratadine,14
2024-12-07,Loratadine,10
2024-12-08,Loratadine,4
2024-12-09,Loratadine,14
2024-12-10,Loratadine,17
2024-12-11,Loratadine,22
2024-12-12,Loratadine,11
2024-12-13,Loratadine,12
2024-12-14,Loratadine,8
2024-12-15,Loratadine,8
2024-12-16,Loratadine,13
2024-12-17,Loratadine,10
2024-12-18,Loratadine,13
2024-12-19,Loratadine,6
2024-12-20,Loratadine,17
2024-12-21,Loratadine,9
2024-12-22,Loratadine,8
2024-12-23,Loratadine,8
2024-12-24,Loratadine,11
2024-12-25,Loratadine,12
2024-12-26,Loratadine,13
2024-12-27,Loratadine,16
2024-12-28,Loratadine,15
2024-12-29,Loratadine,9
2024-12-30,Loratadine,16
2024-12-31,Loratadine,18
2023-01-01,Metformine,17
2023-01-02,Metformine,45
2023-01-03,Metformine,47
2023-01-04,Metformine,45
2023-01-05,Metformine,38
2023-01-06,Metformine,45
2023-01-07,Metformine,34
2023-01-08,Metformine,28
2023-01-09,Metformine,46
2023-01-10,Metformine,48
2023-01-11,Metformine,29
2023-01-12,Metformine,33
2023-01-13,Metformine,40
2023-01-14,Metformine,40
2023-01-15,Metformine,25
2023-01-16,Metformine,40
2023-01-17,Metformine,50
2023-01-18,Metformine,48
2023-01-19,Metformine,42
2023-01-20,Metformine,45
2023-01-21,Metformine,36
2023-01-22,Metformine,27
2023-01-23,Metformine,47
2023-01-24,Metformine,46
2023-01-25,Metformine,47
2023-01-26,Metformine,46
2023-01-27,Metformine,42
2023-01-28,Metformine,38
2023-01-29,Metformine,26
2023-01-30,Metformine,34
2023-01-31,Metformine,37
2023-02-01,Metformine,41
2023-02-02,Metformine,44
2023-02-03,Metformine,47
2023-02-04,Metformine,37
2023-02-05,Metformine,30
2023-02-06,Metformine,38
2023-02-07,Metformine,44
2023-02-08,Metformine,45
2023-02-09,Metformine,40
2023-02-10,Metformine,46
2023-02-11,Metformine,32
2023-02-12,Metformine,29
2023-02-13,Metformine,40
2023-02-14,Metformine,51
2023-02-15,Metformine,44
2023-02-16,Metformine,46
2023-02-17,Metformine,46
2023-02-18,Metformine,36
2023-02-19,Metformine,25
2023-02-20,Metformine,43
2023-02-21,Metformine,46
2023-02-22,Metformine,42
2023-02-23,Metformine,42
2023-02-24,Metformine,44
2023-02-25,Metformine,43
2023-02-26,Metformine,26
2023-02-27,Metformine,47
2023-02-28,Metformine,44
2023-03-01,Metformine,45
2023-03-02,Metformine,38
2023-03-03,Metformine,45
2023-03-04,Metformine,37
2023-03-05,Metformine,29
2023-03-06,Metformine,43
2023-03-07,Metformine,49
2023-03-08,Metformine,47
2023-03-09,Metformine,48
2023-03-10,Metformine,46
2023-03-11,Metformine,43
2023-03-12,Metformine,25
2023-03-13,Metformine,40
2023-03-14,Metformine,41
2023-03-15,Metformine,52
2023-03-16,Metformine,45
2023-03-17,Metformine,46
2023-03-18,Metformine,40
2023-03-19,Metformine,28
2023-03-20,Metformine,49
2023-03-21,Metformine,40
2023-03-22,Metformine,44
2023-03-23,Metformine,41
2023-03-24,Metformine,40
2023-03-25,Metformine,40
2023-03-26,Metformine,26
2023-03-27,Metformine,45
2023-03-28,Metformine,53
2023-03-29,Metformine,44
2023-03-30,Metformine,41
2023-03-31,Metformine,47
2023-04-01,Metformine,39
2023-04-02,Metformine,25
2023-04-03,Metformine,41
2023-04-04,Metformine,48
2023-04-05,Metformine,46
2023-04-06,Metformine,36
2023-04-07,Metformine,43
2023-04-08,Metformine,41
2023-04-09,Metformine,27
2023-04-10,Metformine,40
2023-04-11,Metformine,44
2023-04-12,Metformine,45
2023-04-13,Metformine,45
2023-04-14,Metformine,42
2023-04-15,Metformine,34
2023-04-16,Metformine,27
2023-04-17,Metformine,43
2023-04-18,Metformine,47
2023-04-19,Metformine,41
2023-04-20,Metformine,44
2023-04-21,Metformine,51
2023-04-22,Metformine,38
2023-04-23,Metformine,27
2023-04-24,Metformine,43
2023-04-25,Metformine,42
2023-04-26,Metformine,45
2023-04-27,Metformine,47
2023-04-28,Metformine,47
2023-04-29,Metformine,34
2023-04-30,Metformine,26
2023-05-01,Metformine,31
2023-05-02,Metformine,44
2023-05-03,Metformine,47
2023-05-04,Metformine,45
2023-05-05,Metformine,50
2023-05-06,Metformine,41
2023-05-07,Metformine,29
2023-05-08,Metformine,40
2023-05-09,Metformine,42
2023-05-10,Metformine,45
2023-05-11,Metformine,42
2023-05-12,Metformine,43
2023-05-13,Metformine,36
2023-05-14,Metformine,26
2023-05-15,Metformine,41
2023-05-16,Metformine,44
2023-05-17,Metformine,49
2023-05-18,Metformine,44
2023-05-19,Metformine,56
2023-05-20,Metformine,37
2023-05-21,Metformine,26
2023-05-22,Metformine,43
2023-05-23,Metformine,46
2023-05-24,Metformine,47
2023-05-25,Metformine,50
2023-05-26,Metformine,44
2023-05-27,Metformine,39
2023-05-28,Metformine,27
2023-05-29,Metformine,38
2023-05-30,Metformine,48
2023-05-31,Metformine,50
2023-06-01,Metformine,40
2023-06-02,Metformine,47
2023-06-03,Metformine,32
2023-06-04,Metformine,24
2023-06-05,Metformine,47
2023-06-06,Metformine,44
2023-06-07,Metformine,42
2023-06-08,Metformine,44
2023-06-09,Metformine,46
2023-06-10,Metformine,36
2023-06-11,Metformine,28
2023-06-12,Metformine,40
2023-06-13,Metformine,42
2023-06-14,Metformine,46
2023-06-15,Metformine,47
2023-06-16,Metformine,52
2023-06-17,Metformine,35
2023-06-18,Metformine,29
2023-06-19,Metformine,41
2023-06-20,Metformine,52
2023-06-21,Metformine,42
2023-06-22,Metformine,48
2023-06-23,Metformine,45
2023-06-24,Metformine,43
2023-06-25,Metformine,28
2023-06-26,Metformine,40
2023-06-27,Metformine,44
2023-06-28,Metformine,48
2023-06-29,Metformine,47
2023-06-30,Metformine,47
2023-07-01,Metformine,37
2023-07-02,Metformine,28
2023-07-03,Metformine,44
2023-07-04,Metformine,41
2023-07-05,Metformine,43
2023-07-06,Metformine,44
2023-07-07,Metformine,52
2023-07-08,Metformine,42
2023-07-09,Metformine,29
2023-07-10,Metformine,45
2023-07-11,Metformine,48
2023-07-12,Metformine,43
2023-07-13,Metformine,43
2023-07-14,Metformine,45
2023-07-15,Metformine,34
2023-07-16,Metformine,28
2023-07-17,Metformine,44
2023-07-18,Metformine,48
2023-07-19,Metformine,48
2023-07-20,Metformine,44
2023-07-21,Metformine,50
2023-07-22,Metformine,37
2023-07-23,Metformine,28
2023-07-24,Metformine,41
2023-07-25,Metformine,47
2023-07-26,Metformine,48
2023-07-27,Metformine,42
2023-07-28,Metformine,48
2023-07-29,Metformine,36
2023-07-30,Metformine,18
2023-07-31,Metformine,40
2023-08-01,Metformine,50
2023-08-02,Metformine,50
2023-08-03,Metformine,46
2023-08-04,Metformine,55
2023-08-05,Metformine,37
2023-08-06,Metformine,33
2023-08-07,Metformine,43
2023-08-08,Metformine,47
2023-08-09,Metformine,45
2023-08-10,Metformine,45
2023-08-11,Metformine,51
2023-08-12,Metformine,37
2023-08-13,Metformine,31
2023-08-14,Metformine,31
2023-08-15,Metformine,47
2023-08-16,Metformine,43
2023-08-17,Metformine,45
2023-08-18,Metformine,48
2023-08-19,Metformine,36
2023-08-20,Metformine,18
2023-08-21,Metformine,37
2023-08-22,Metformine,45
2023-08-23,Metformine,41
2023-08-24,Metformine,42
2023-08-25,Metformine,48
2023-08-26,Metformine,39
2023-08-27,Metformine,28
2023-08-28,Metformine,46
2023-08-29,Metformine,44
2023-08-30,Metformine,47
2023-08-31,Metformine,41
2023-09-01,Metformine,46
2023-09-02,Metformine,35
2023-09-03,Metformine,25
2023-09-04,Metformine,48
2023-09-05,Metformine,49
2023-09-06,Metformine,50
2023-09-07,Metformine,44
2023-09-08,Metformine,51
2023-09-09,Metformine,33
2023-09-10,Metformine,29
2023-09-11,Metformine,45
2023-09-12,Metformine,48
2023-09-13,Metformine,48
2023-09-14,Metformine,41
2023-09-15,Metformine,43
2023-09-16,Metformine,36
2023-09-17,Metformine,29
2023-09-18,Metformine,46
2023-09-19,Metformine,42
2023-09-20,Metformine,43
2023-09-21,Metformine,42
2023-09-22,Metformine,47
2023-09-23,Metformine,34
2023-09-24,Metformine,24
2023-09-25,Metformine,42
2023-09-26,Metformine,47
2023-09-27,Metformine,42
2023-09-28,Metformine,44
2023-09-29,Metformine,52
2023-09-30,Metformine,34
2023-10-01,Metformine,27
2023-10-02,Metformine,48
2023-10-03,Metformine,45
2023-10-04,Metformine,44
2023-10-05,Metformine,48
2023-10-06,Metformine,47
2023-10-07,Metformine,41
2023-10-08,Metformine,28
2023-10-09,Metformine,43
2023-10-10,Metformine,48
2023-10-11,Metformine,48
2023-10-12,Metformine,48
2023-10-13,Metformine,47
2023-10-14,Metformine,38
2023-10-15,Metformine,27
2023-10-16,Metformine,47
2023-10-17,Metformine,43
2023-10-18,Metformine,50
2023-10-19,Metformine,46
2023-10-20,Metformine,44
2023-10-21,Metformine,42
2023-10-22,Metformine,32
2023-10-23,Metformine,48
2023-10-24,Metformine,52
2023-10-25,Metformine,47
2023-10-26,Metformine,39
2023-10-27,Metformine,42
2023-10-28,Metformine,39
2023-10-29,Metformine,26
2023-10-30,Metformine,41
2023-10-31,Metformine,46
2023-11-01,Metformine,49
2023-11-02,Metformine,40
2023-11-03,Metformine,47
2023-11-04,Metformine,43
2023-11-05,Metformine,25
2023-11-06,Metformine,33
2023-11-07,Metformine,45
2023-11-08,Metformine,49
2023-11-09,Metformine,48
2023-11-10,Metformine,52
2023-11-11,Metformine,41
2023-11-12,Metformine,25
2023-11-13,Metformine,48
2023-11-14,Metformine,44
2023-11-15,Metformine,48
2023-11-16,Metformine,46
2023-11-17,Metformine,51
2023-11-18,Metformine,27
2023-11-19,Metformine,26
2023-11-20,Metformine,40
2023-11-21,Metformine,50
2023-11-22,Metformine,48
2023-11-23,Metformine,49
2023-11-24,Metformine,49
2023-11-25,Metformine,34
2023-11-26,Metformine,30
2023-11-27,Metformine,44
2023-11-28,Metformine,48
2023-11-29,Metformine,45
2023-11-30,Metformine,50
2023-12-01,Metformine,46
2023-12-02,Metformine,37
2023-12-03,Metformine,28
2023-12-04,Metformine,41
2023-12-05,Metformine,48
2023-12-06,Metformine,53
2023-12-07,Metformine,43
2023-12-08,Metformine,51
2023-12-09,Metformine,31
2023-12-10,Metformine,28
2023-12-11,Metformine,44
2023-12-12,Metformine,44
2023-12-13,Metformine,51
2023-12-14,Metformine,44
2023-12-15,Metformine,49
2023-12-16,Metformine,37
2023-12-17,Metformine,24
2023-12-18,Metformine,41
2023-12-19,Metformine,50
2023-12-20,Metformine,40
2023-12-21,Metformine,42
2023-12-22,Metformine,48
2023-12-23,Metformine,44
2023-12-24,Metformine,29
2023-12-25,Metformine,43
2023-12-26,Metformine,52
2023-12-27,Metformine,45
2023-12-28,Metformine,48
2023-12-29,Metformine,44
2023-12-30,Metformine,42
2023-12-31,Metformine,27
2024-01-01,Metformine,29
2024-01-02,Metformine,46
2024-01-03,Metformine,48
2024-01-04,Metformine,43
2024-01-05,Metformine,51
2024-01-06,Metformine,37
2024-01-07,Metformine,29
2024-01-08,Metformine,47
2024-01-09,Metformine,47
2024-01-10,Metformine,46
2024-01-11,Metformine,32
2024-01-12,Metformine,52
2024-01-13,Metformine,45
2024-01-14,Metformine,30
2024-01-15,Metformine,48
2024-01-16,Metformine,58
2024-01-17,Metformine,49
2024-01-18,Metformine,47
2024-01-19,Metformine,52
2024-01-20,Metformine,36
2024-01-21,Metformine,27
2024-01-22,Metformine,44
2024-01-23,Metformine,50
2024-01-24,Metformine,47
2024-01-25,Metformine,46
2024-01-26,Metformine,54
2024-01-27,Metformine,41
2024-01-28,Metformine,28
2024-01-29,Metformine,43
2024-01-30,Metformine,52
2024-01-31,Metformine,50
2024-02-01,Metformine,40
2024-02-02,Metformine,48
2024-02-03,Metformine,39
2024-02-04,Metformine,30
2024-02-05,Metformine,48
2024-02-06,Metformine,49
2024-02-07,Metformine,50
2024-02-08,Metformine,46
2024-02-09,Metformine,47
2024-02-10,Metformine,38
2024-02-11,Metformine,28
2024-02-12,Metformine,45
2024-02-13,Metformine,41
2024-02-14,Metformine,46
2024-02-15,Metformine,46
2024-02-16,Metformine,49
2024-02-17,Metformine,38
2024-02-18,Metformine,29
2024-02-19,Metformine,42
2024-02-20,Metformine,42
2024-02-21,Metformine,46
2024-02-22,Metformine,48
2024-02-23,Metformine,56
2024-02-24,Metformine,41
2024-02-25,Metformine,25
2024-02-26,Metformine,45
2024-02-27,Metformine,49
2024-02-28,Metformine,48
2024-02-29,Metformine,47
2024-03-01,Metformine,46
2024-03-02,Metformine,39
2024-03-03,Metformine,29
2024-03-04,Metformine,48
2024-03-05,Metformine,45
2024-03-06,Metformine,47
2024-03-07,Metformine,36
2024-03-08,Metformine,48
2024-03-09,Metformine,38
2024-03-10,Metformine,26
2024-03-11,Metformine,46
2024-03-12,Metformine,48
2024-03-13,Metformine,40
2024-03-14,Metformine,46
2024-03-15,Metformine,47
2024-03-16,Metformine,41
2024-03-17,Metformine,26
2024-03-18,Metformine,46
2024-03-19,Metformine,47
2024-03-20,Metformine,49
2024-03-21,Metformine,46
2024-03-22,Metformine,49
2024-03-23,Metformine,35
2024-03-24,Metformine,25
2024-03-25,Metformine,44
2024-03-26,Metformine,48
2024-03-27,Metformine,46
2024-03-28,Metformine,48
2024-03-29,Metformine,49
2024-03-30,Metformine,36
2024-03-31,Metformine,28
2024-04-01,Metformine,47
2024-04-02,Metformine,49
2024-04-03,Metformine,55
2024-04-04,Metformine,44
2024-04-05,Metformine,50
2024-04-06,Metformine,41
2024-04-07,Metformine,28
2024-04-08,Metformine,44
2024-04-09,Metformine,42
2024-04-10,Metformine,46
2024-04-11,Metformine,42
2024-04-12,Metformine,44
2024-04-13,Metformine,37
2024-04-14,Metformine,26
2024-04-15,Metformine,48
2024-04-16,Metformine,50
2024-04-17,Metformine,45
2024-04-18,Metformine,45
2024-04-19,Metformine,43
2024-04-20,Metformine,38
2024-04-21,Metformine,29
2024-04-22,Metformine,49
2024-04-23,Metformine,46
2024-04-24,Metformine,52
2024-04-25,Metformine,41
2024-04-26,Metformine,46
2024-04-27,Metformine,42
2024-04-28,Metformine,32
2024-04-29,Metformine,48
2024-04-30,Metformine,48
2024-05-01,Metformine,28
2024-05-02,Metformine,39
2024-05-03,Metformine,51
2024-05-04,Metformine,38
2024-05-05,Metformine,26
2024-05-06,Metformine,46
2024-05-07,Metformine,49
2024-05-08,Metformine,52
2024-05-09,Metformine,47
2024-05-10,Metformine,55
2024-05-11,Metformine,40
2024-05-12,Metformine,28
2024-05-13,Metformine,50
2024-05-14,Metformine,45
2024-05-15,Metformine,59
2024-05-16,Metformine,48
2024-05-17,Metformine,52
2024-05-18,Metformine,41
2024-05-19,Metformine,33
2024-05-20,Metformine,49
2024-05-21,Metformine,43
2024-05-22,Metformine,54
2024-05-23,Metformine,45
2024-05-24,Metformine,51
2024-05-25,Metformine,36
2024-05-26,Metformine,30
2024-05-27,Metformine,44
2024-05-28,Metformine,49
2024-05-29,Metformine,47
2024-05-30,Metformine,53
2024-05-31,Metformine,58
2024-06-01,Metformine,40
2024-06-02,Metformine,29
2024-06-03,Metformine,45
2024-06-04,Metformine,53
2024-06-05,Metformine,47
2024-06-06,Metformine,45
2024-06-07,Metformine,55
2024-06-08,Metformine,38
2024-06-09,Metformine,29
2024-06-10,Metformine,41
2024-06-11,Metformine,51
2024-06-12,Metformine,56
2024-06-13,Metformine,49
2024-06-14,Metformine,56
2024-06-15,Metformine,37
2024-06-16,Metformine,29
2024-06-17,Metformine,43
2024-06-18,Metformine,48
2024-06-19,Metformine,52
2024-06-20,Metformine,47
2024-06-21,Metformine,46
2024-06-22,Metformine,36
2024-06-23,Metformine,26
2024-06-24,Metformine,48
2024-06-25,Metformine,56
2024-06-26,Metformine,54
2024-06-27,Metformine,40
2024-06-28,Metformine,56
2024-06-29,Metformine,43
2024-06-30,Metformine,25
2024-07-01,Metformine,46
2024-07-02,Metformine,53
2024-07-03,Metformine,51
2024-07-04,Metformine,42
2024-07-05,Metformine,53
2024-07-06,Metformine,34
2024-07-07,Metformine,28
2024-07-08,Metformine,51
2024-07-09,Metformine,49
2024-07-10,Metformine,47
2024-07-11,Metformine,50
2024-07-12,Metformine,55
2024-07-13,Metformine,44
2024-07-14,Metformine,31
2024-07-15,Metformine,51
2024-07-16,Metformine,52
2024-07-17,Metformine,50
2024-07-18,Metformine,47
2024-07-19,Metformine,50
2024-07-20,Metformine,36
2024-07-21,Metformine,27
2024-07-22,Metformine,46
2024-07-23,Metformine,50
2024-07-24,Metformine,54
2024-07-25,Metformine,47
2024-07-26,Metformine,55
2024-07-27,Metformine,43
2024-07-28,Metformine,28
2024-07-29,Metformine,49
2024-07-30,Metformine,34
2024-07-31,Metformine,54
2024-08-01,Metformine,49
2024-08-02,Metformine,47
2024-08-03,Metformine,41
2024-08-04,Metformine,33
2024-08-05,Metformine,46
2024-08-06,Metformine,51
2024-08-07,Metformine,51
2024-08-08,Metformine,43
2024-08-09,Metformine,53
2024-08-10,Metformine,36
2024-08-11,Metformine,28
2024-08-12,Metformine,51
2024-08-13,Metformine,51
2024-08-14,Metformine,34
2024-08-15,Metformine,49
2024-08-16,Metformine,51
2024-08-17,Metformine,40
2024-08-18,Metformine,31
2024-08-19,Metformine,44
2024-08-20,Metformine,35
2024-08-21,Metformine,34
2024-08-22,Metformine,41
2024-08-23,Metformine,48
2024-08-24,Metformine,45
2024-08-25,Metformine,30
2024-08-26,Metformine,42
2024-08-27,Metformine,44
2024-08-28,Metformine,49
2024-08-29,Metformine,53
2024-08-30,Metformine,51
2024-08-31,Metformine,44
2024-09-01,Metformine,30
2024-09-02,Metformine,49
2024-09-03,Metformine,44
2024-09-04,Metformine,53
2024-09-05,Metformine,46
2024-09-06,Metformine,55
2024-09-07,Metformine,38
2024-09-08,Metformine,30
2024-09-09,Metformine,48
2024-09-10,Metformine,49
2024-09-11,Metformine,51
2024-09-12,Metformine,46
2024-09-13,Metformine,49
2024-09-14,Metformine,45
2024-09-15,Metformine,32
2024-09-16,Metformine,45
2024-09-17,Metformine,52
2024-09-18,Metformine,47
2024-09-19,Metformine,43
2024-09-20,Metformine,56
2024-09-21,Metformine,35
2024-09-22,Metformine,31
2024-09-23,Metformine,46
2024-09-24,Metformine,49
2024-09-25,Metformine,51
2024-09-26,Metformine,49
2024-09-27,Metformine,49
2024-09-28,Metformine,43
2024-09-29,Metformine,30
2024-09-30,Metformine,43
2024-10-01,Metformine,49
2024-10-02,Metformine,55
2024-10-03,Metformine,53
2024-10-04,Metformine,55
2024-10-05,Metformine,37
2024-10-06,Metformine,30
2024-10-07,Metformine,50
2024-10-08,Metformine,52
2024-10-09,Metformine,53
2024-10-10,Metformine,49
2024-10-11,Metformine,52
2024-10-12,Metformine,39
2024-10-13,Metformine,25
2024-10-14,Metformine,49
2024-10-15,Metformine,50
2024-10-16,Metformine,52
2024-10-17,Metformine,43
2024-10-18,Metformine,55
2024-10-19,Metformine,47
2024-10-20,Metformine,30
2024-10-21,Metformine,47
2024-10-22,Metformine,51
2024-10-23,Metformine,57
2024-10-24,Metformine,44
2024-10-25,Metformine,53
2024-10-26,Metformine,38
2024-10-27,Metformine,28
2024-10-28,Metformine,47
2024-10-29,Metformine,55
2024-10-30,Metformine,57
2024-10-31,Metformine,49
2024-11-01,Metformine,51
2024-11-02,Metformine,48
2024-11-03,Metformine,29
2024-11-04,Metformine,46
2024-11-05,Metformine,43
2024-11-06,Metformine,39
2024-11-07,Metformine,51
2024-11-08,Metformine,62
2024-11-09,Metformine,37
2024-11-10,Metformine,33
2024-11-11,Metformine,48
2024-11-12,Metformine,53
2024-11-13,Metformine,44
2024-11-14,Metformine,53
2024-11-15,Metformine,55
2024-11-16,Metformine,41
2024-11-17,Metformine,31
2024-11-18,Metformine,32
2024-11-19,Metformine,48
2024-11-20,Metformine,48
2024-11-21,Metformine,41
2024-11-22,Metformine,56
2024-11-23,Metformine,45
2024-11-24,Metformine,28
2024-11-25,Metformine,49
2024-11-26,Metformine,49
2024-11-27,Metformine,51
2024-11-28,Metformine,46
2024-11-29,Metformine,49
2024-11-30,Metformine,44
2024-12-01,Metformine,29
2024-12-02,Metformine,55
2024-12-03,Metformine,50
2024-12-04,Metformine,47
2024-12-05,Metformine,52
2024-12-06,Metformine,55
2024-12-07,Metformine,43
2024-12-08,Metformine,32
2024-12-09,Metformine,46
2024-12-10,Metformine,50
2024-12-11,Metformine,50
2024-12-12,Metformine,43
2024-12-13,Metformine,52
2024-12-14,Metformine,45
2024-12-15,Metformine,30
2024-12-16,Metformine,43
2024-12-17,Metformine,44
2024-12-18,Metformine,57
2024-12-19,Metformine,48
2024-12-20,Metformine,50
2024-12-21,Metformine,40
2024-12-22,Metformine,26
2024-12-23,Metformine,53
2024-12-24,Metformine,49
2024-12-25,Metformine,56
2024-12-26,Metformine,48
2024-12-27,Metformine,58
2024-12-28,Metformine,42
2024-12-29,Metformine,32
2024-12-30,Metformine,51
2024-12-31,Metformine,53
2023-01-01,Omeprazole,11
2023-01-02,Omeprazole,27
2023-01-03,Omeprazole,19
2023-01-04,Omeprazole,27
2023-01-05,Omeprazole,26
2023-01-06,Omeprazole,28
2023-01-07,Omeprazole,20
2023-01-08,Omeprazole,15
2023-01-09,Omeprazole,26
2023-01-10,Omeprazole,28
2023-01-11,Omeprazole,21
2023-01-12,Omeprazole,31
2023-01-13,Omeprazole,27
2023-01-14,Omeprazole,21
2023-01-15,Omeprazole,17
2023-01-16,Omeprazole,29
2023-01-17,Omeprazole,26
2023-01-18,Omeprazole,31
2023-01-19,Omeprazole,30
2023-01-20,Omeprazole,35
2023-01-21,Omeprazole,29
2023-01-22,Omeprazole,14
2023-01-23,Omeprazole,26
2023-01-24,Omeprazole,28
2023-01-25,Omeprazole,27
2023-01-26,Omeprazole,24
2023-01-27,Omeprazole,22
2023-01-28,Omeprazole,23
2023-01-29,Omeprazole,14
2023-01-30,Omeprazole,27
2023-01-31,Omeprazole,24
2023-02-01,Omeprazole,23
2023-02-02,Omeprazole,27
2023-02-03,Omeprazole,30
2023-02-04,Omeprazole,25
2023-02-05,Omeprazole,22
2023-02-06,Omeprazole,28
2023-02-07,Omeprazole,30
2023-02-08,Omeprazole,23
2023-02-09,Omeprazole,21
2023-02-10,Omeprazole,36
2023-02-11,Omeprazole,19
2023-02-12,Omeprazole,14
2023-02-13,Omeprazole,26
2023-02-14,Omeprazole,27
2023-02-15,Omeprazole,24
2023-02-16,Omeprazole,25
2023-02-17,Omeprazole,35
2023-02-18,Omeprazole,20
2023-02-19,Omeprazole,13
2023-02-20,Omeprazole,31
2023-02-21,Omeprazole,30
2023-02-22,Omeprazole,25
2023-02-23,Omeprazole,20
2023-02-24,Omeprazole,26
2023-02-25,Omeprazole,23
2023-02-26,Omeprazole,20
2023-02-27,Omeprazole,22
2023-02-28,Omeprazole,28
2023-03-01,Omeprazole,31
2023-03-02,Omeprazole,16
2023-03-03,Omeprazole,34
2023-03-04,Omeprazole,19
2023-03-05,Omeprazole,17
2023-03-06,Omeprazole,28
2023-03-07,Omeprazole,33
2023-03-08,Omeprazole,30
2023-03-09,Omeprazole,17
2023-03-10,Omeprazole,26
2023-03-11,Omeprazole,23
2023-03-12,Omeprazole,16
2023-03-13,Omeprazole,29
2023-03-14,Omeprazole,32
2023-03-15,Omeprazole,31
2023-03-16,Omeprazole,26
2023-03-17,Omeprazole,21
2023-03-18,Omeprazole,21
2023-03-19,Omeprazole,18
2023-03-20,Omeprazole,22
2023-03-21,Omeprazole,31
2023-03-22,Omeprazole,32
2023-03-23,Omeprazole,27
2023-03-24,Omeprazole,15
2023-03-25,Omeprazole,18
2023-03-26,Omeprazole,22
2023-03-27,Omeprazole,24
2023-03-28,Omeprazole,19
2023-03-29,Omeprazole,34
2023-03-30,Omeprazole,27
2023-03-31,Omeprazole,35
2023-04-01,Omeprazole,24
2023-04-02,Omeprazole,18
2023-04-03,Omeprazole,28
2023-04-04,Omeprazole,31
2023-04-05,Omeprazole,38
2023-04-06,Omeprazole,31
2023-04-07,Omeprazole,22
2023-04-08,Omeprazole,25
2023-04-09,Omeprazole,20
2023-04-10,Omeprazole,32
2023-04-11,Omeprazole,26
2023-04-12,Omeprazole,33
2023-04-13,Omeprazole,31
2023-04-14,Omeprazole,42
2023-04-15,Omeprazole,20
2023-04-16,Omeprazole,15
2023-04-17,Omeprazole,26
2023-04-18,Omeprazole,26
2023-04-19,Omeprazole,24
2023-04-20,Omeprazole,15
2023-04-21,Omeprazole,27
2023-04-22,Omeprazole,24
2023-04-23,Omeprazole,15
2023-04-24,Omeprazole,35
2023-04-25,Omeprazole,28
2023-04-26,Omeprazole,34
2023-04-27,Omeprazole,28
2023-04-28,Omeprazole,33
2023-04-29,Omeprazole,24
2023-04-30,Omeprazole,20
2023-05-01,Omeprazole,19
2023-05-02,Omeprazole,31
2023-05-03,Omeprazole,30
2023-05-04,Omeprazole,26
2023-05-05,Omeprazole,32
2023-05-06,Omeprazole,31
2023-05-07,Omeprazole,16
2023-05-08,Omeprazole,29
2023-05-09,Omeprazole,34
2023-05-10,Omeprazole,34
2023-05-11,Omeprazole,27
2023-05-12,Omeprazole,18
2023-05-13,Omeprazole,25
2023-05-14,Omeprazole,11
2023-05-15,Omeprazole,33
2023-05-16,Omeprazole,29
2023-05-17,Omeprazole,33
2023-05-18,Omeprazole,23
2023-05-19,Omeprazole,22
2023-05-20,Omeprazole,24
2023-05-21,Omeprazole,17
2023-05-22,Omeprazole,25
2023-05-23,Omeprazole,29
2023-05-24,Omeprazole,41
2023-05-25,Omeprazole,31
2023-05-26,Omeprazole,35
2023-05-27,Omeprazole,26
2023-05-28,Omeprazole,21
2023-05-29,Omeprazole,26
2023-05-30,Omeprazole,19
2023-05-31,Omeprazole,28
2023-06-01,Omeprazole,34
2023-06-02,Omeprazole,28
2023-06-03,Omeprazole,25
2023-06-04,Omeprazole,16
2023-06-05,Omeprazole,37
2023-06-06,Omeprazole,35
2023-06-07,Omeprazole,35
2023-06-08,Omeprazole,33
2023-06-09,Omeprazole,33
2023-06-10,Omeprazole,27
2023-06-11,Omeprazole,15
2023-06-12,Omeprazole,20
2023-06-13,Omeprazole,32
2023-06-14,Omeprazole,33
2023-06-15,Omeprazole,36
2023-06-16,Omeprazole,41
2023-06-17,Omeprazole,32
2023-06-18,Omeprazole,16
2023-06-19,Omeprazole,28
2023-06-20,Omeprazole,34
2023-06-21,Omeprazole,44
2023-06-22,Omeprazole,37
2023-06-23,Omeprazole,39
2023-06-24,Omeprazole,24
2023-06-25,Omeprazole,16
2023-06-26,Omeprazole,34
2023-06-27,Omeprazole,26
2023-06-28,Omeprazole,30
2023-06-29,Omeprazole,30
2023-06-30,Omeprazole,41
2023-07-01,Omeprazole,24
2023-07-02,Omeprazole,11
2023-07-03,Omeprazole,33
2023-07-04,Omeprazole,28
2023-07-05,Omeprazole,32
2023-07-06,Omeprazole,30
2023-07-07,Omeprazole,32
2023-07-08,Omeprazole,29
2023-07-09,Omeprazole,14
2023-07-10,Omeprazole,28
2023-07-11,Omeprazole,35
2023-07-12,Omeprazole,29
2023-07-13,Omeprazole,22
2023-07-14,Omeprazole,37
2023-07-15,Omeprazole,31
2023-07-16,Omeprazole,19
2023-07-17,Omeprazole,21
2023-07-18,Omeprazole,35
2023-07-19,Omeprazole,23
2023-07-20,Omeprazole,32
2023-07-21,Omeprazole,28
2023-07-22,Omeprazole,21
2023-07-23,Omeprazole,17
2023-07-24,Omeprazole,29
2023-07-25,Omeprazole,28
2023-07-26,Omeprazole,35
2023-07-27,Omeprazole,28
2023-07-28,Omeprazole,38
2023-07-29,Omeprazole,27
2023-07-30,Omeprazole,12
2023-07-31,Omeprazole,26
2023-08-01,Omeprazole,23
2023-08-02,Omeprazole,33
2023-08-03,Omeprazole,29
2023-08-04,Omeprazole,21
2023-08-05,Omeprazole,24
2023-08-06,Omeprazole,16
2023-08-07,Omeprazole,38
2023-08-08,Omeprazole,23
2023-08-09,Omeprazole,25
2023-08-10,Omeprazole,36
2023-08-11,Omeprazole,41
2023-08-12,Omeprazole,23
2023-08-13,Omeprazole,17
2023-08-14,Omeprazole,23
2023-08-15,Omeprazole,20
2023-08-16,Omeprazole,22
2023-08-17,Omeprazole,29
2023-08-18,Omeprazole,42
2023-08-19,Omeprazole,24
2023-08-20,Omeprazole,13
2023-08-21,Omeprazole,25
2023-08-22,Omeprazole,43
2023-08-23,Omeprazole,29
2023-08-24,Omeprazole,30
2023-08-25,Omeprazole,43
2023-08-26,Omeprazole,20
2023-08-27,Omeprazole,22
2023-08-28,Omeprazole,26
2023-08-29,Omeprazole,33
2023-08-30,Omeprazole,31
2023-08-31,Omeprazole,26
2023-09-01,Omeprazole,26
2023-09-02,Omeprazole,25
2023-09-03,Omeprazole,20
2023-09-04,Omeprazole,27
2023-09-05,Omeprazole,29
2023-09-06,Omeprazole,32
2023-09-07,Omeprazole,23
2023-09-08,Omeprazole,34
2023-09-09,Omeprazole,27
2023-09-10,Omeprazole,24
2023-09-11,Omeprazole,26
2023-09-12,Omeprazole,27
2023-09-13,Omeprazole,33
2023-09-14,Omeprazole,32
2023-09-15,Omeprazole,28
2023-09-16,Omeprazole,22
2023-09-17,Omeprazole,19
2023-09-18,Omeprazole,24
2023-09-19,Omeprazole,27
2023-09-20,Omeprazole,30
2023-09-21,Omeprazole,32
2023-09-22,Omeprazole,28
2023-09-23,Omeprazole,17
2023-09-24,Omeprazole,12
2023-09-25,Omeprazole,22
2023-09-26,Omeprazole,23
2023-09-27,Omeprazole,29
2023-09-28,Omeprazole,23
2023-09-29,Omeprazole,27
2023-09-30,Omeprazole,21
2023-10-01,Omeprazole,16
2023-10-02,Omeprazole,34
2023-10-03,Omeprazole,32
2023-10-04,Omeprazole,29
2023-10-05,Omeprazole,26
2023-10-06,Omeprazole,29
2023-10-07,Omeprazole,25
2023-10-08,Omeprazole,19
2023-10-09,Omeprazole,24
2023-10-10,Omeprazole,30
2023-10-11,Omeprazole,20
2023-10-12,Omeprazole,29
2023-10-13,Omeprazole,34
2023-10-14,Omeprazole,23
2023-10-15,Omeprazole,22
2023-10-16,Omeprazole,24
2023-10-17,Omeprazole,30
2023-10-18,Omeprazole,29
2023-10-19,Omeprazole,28
2023-10-20,Omeprazole,30
2023-10-21,Omeprazole,24
2023-10-22,Omeprazole,20
2023-10-23,Omeprazole,34
2023-10-24,Omeprazole,29
2023-10-25,Omeprazole,33
2023-10-26,Omeprazole,25
2023-10-27,Omeprazole,35
2023-10-28,Omeprazole,21
2023-10-29,Omeprazole,20
2023-10-30,Omeprazole,38
2023-10-31,Omeprazole,29
2023-11-01,Omeprazole,19
2023-11-02,Omeprazole,26
2023-11-03,Omeprazole,37
2023-11-04,Omeprazole,26
2023-11-05,Omeprazole,18
2023-11-06,Omeprazole,23
2023-11-07,Omeprazole,32
2023-11-08,Omeprazole,35
2023-11-09,Omeprazole,32
2023-11-10,Omeprazole,38
2023-11-11,Omeprazole,26
2023-11-12,Omeprazole,20
2023-11-13,Omeprazole,27
2023-11-14,Omeprazole,27
2023-11-15,Omeprazole,38
2023-11-16,Omeprazole,29
2023-11-17,Omeprazole,35
2023-11-18,Omeprazole,17
2023-11-19,Omeprazole,16
2023-11-20,Omeprazole,28
2023-11-21,Omeprazole,36
2023-11-22,Omeprazole,32
2023-11-23,Omeprazole,21
2023-11-24,Omeprazole,30
2023-11-25,Omeprazole,31
2023-11-26,Omeprazole,17
2023-11-27,Omeprazole,20
2023-11-28,Omeprazole,39
2023-11-29,Omeprazole,33
2023-11-30,Omeprazole,28
2023-12-01,Omeprazole,29
2023-12-02,Omeprazole,29
2023-12-03,Omeprazole,16
2023-12-04,Omeprazole,34
2023-12-05,Omeprazole,32
2023-12-06,Omeprazole,31
2023-12-07,Omeprazole,29
2023-12-08,Omeprazole,30
2023-12-09,Omeprazole,28
2023-12-10,Omeprazole,15
2023-12-11,Omeprazole,21
2023-12-12,Omeprazole,33
2023-12-13,Omeprazole,33
2023-12-14,Omeprazole,31
2023-12-15,Omeprazole,33
2023-12-16,Omeprazole,23
2023-12-17,Omeprazole,20
2023-12-18,Omeprazole,28
2023-12-19,Omeprazole,27
2023-12-20,Omeprazole,28
2023-12-21,Omeprazole,38
2023-12-22,Omeprazole,23
2023-12-23,Omeprazole,26
2023-12-24,Omeprazole,13
2023-12-25,Omeprazole,28
2023-12-26,Omeprazole,28
2023-12-27,Omeprazole,20
2023-12-28,Omeprazole,30
2023-12-29,Omeprazole,29
2023-12-30,Omeprazole,16
2023-12-31,Omeprazole,20
2024-01-01,Omeprazole,25
2024-01-02,Omeprazole,37
2024-01-03,Omeprazole,32
2024-01-04,Omeprazole,29
2024-01-05,Omeprazole,38
2024-01-06,Omeprazole,31
2024-01-07,Omeprazole,21
2024-01-08,Omeprazole,24
2024-01-09,Omeprazole,31
2024-01-10,Omeprazole,32
2024-01-11,Omeprazole,14
2024-01-12,Omeprazole,34
2024-01-13,Omeprazole,33
2024-01-14,Omeprazole,20
2024-01-15,Omeprazole,35
2024-01-16,Omeprazole,31
2024-01-17,Omeprazole,30
2024-01-18,Omeprazole,30
2024-01-19,Omeprazole,27
2024-01-20,Omeprazole,21
2024-01-21,Omeprazole,21
2024-01-22,Omeprazole,35
2024-01-23,Omeprazole,25
2024-01-24,Omeprazole,35
2024-01-25,Omeprazole,28
2024-01-26,Omeprazole,33
2024-01-27,Omeprazole,26
2024-01-28,Omeprazole,21
2024-01-29,Omeprazole,29
2024-01-30,Omeprazole,37
2024-01-31,Omeprazole,32
2024-02-01,Omeprazole,32
2024-02-02,Omeprazole,27
2024-02-03,Omeprazole,33
2024-02-04,Omeprazole,19
2024-02-05,Omeprazole,32
2024-02-06,Omeprazole,22
2024-02-07,Omeprazole,26
2024-02-08,Omeprazole,34
2024-02-09,Omeprazole,33
2024-02-10,Omeprazole,17
2024-02-11,Omeprazole,21
2024-02-12,Omeprazole,26
2024-02-13,Omeprazole,37
2024-02-14,Omeprazole,30
2024-02-15,Omeprazole,30
2024-02-16,Omeprazole,38
2024-02-17,Omeprazole,21
2024-02-18,Omeprazole,15
2024-02-19,Omeprazole,28
2024-02-20,Omeprazole,34
2024-02-21,Omeprazole,24
2024-02-22,Omeprazole,21
2024-02-23,Omeprazole,36
2024-02-24,Omeprazole,22
2024-02-25,Omeprazole,17
2024-02-26,Omeprazole,20
2024-02-27,Omeprazole,27
2024-02-28,Omeprazole,30
2024-02-29,Omeprazole,33
2024-03-01,Omeprazole,28
2024-03-02,Omeprazole,31
2024-03-03,Omeprazole,16
2024-03-04,Omeprazole,26
2024-03-05,Omeprazole,38
2024-03-06,Omeprazole,31
2024-03-07,Omeprazole,26
2024-03-08,Omeprazole,31
2024-03-09,Omeprazole,30
2024-03-10,Omeprazole,22
2024-03-11,Omeprazole,25
2024-03-12,Omeprazole,30
2024-03-13,Omeprazole,31
2024-03-14,Omeprazole,24
2024-03-15,Omeprazole,31
2024-03-16,Omeprazole,25
2024-03-17,Omeprazole,21
2024-03-18,Omeprazole,35
2024-03-19,Omeprazole,29
2024-03-20,Omeprazole,29
2024-03-21,Omeprazole,32
2024-03-22,Omeprazole,29
2024-03-23,Omeprazole,27
2024-03-24,Omeprazole,18
2024-03-25,Omeprazole,25
2024-03-26,Omeprazole,26
2024-03-27,Omeprazole,38
2024-03-28,Omeprazole,28
2024-03-29,Omeprazole,40
2024-03-30,Omeprazole,23
2024-03-31,Omeprazole,19
2024-04-01,Omeprazole,40
2024-04-02,Omeprazole,25
2024-04-03,Omeprazole,21
2024-04-04,Omeprazole,35
2024-04-05,Omeprazole,28
2024-04-06,Omeprazole,25
2024-04-07,Omeprazole,16
2024-04-08,Omeprazole,30
2024-04-09,Omeprazole,26
2024-04-10,Omeprazole,30
2024-04-11,Omeprazole,31
2024-04-12,Omeprazole,27
2024-04-13,Omeprazole,22
2024-04-14,Omeprazole,17
2024-04-15,Omeprazole,23
2024-04-16,Omeprazole,29
2024-04-17,Omeprazole,31
2024-04-18,Omeprazole,27
2024-04-19,Omeprazole,31
2024-04-20,Omeprazole,25
2024-04-21,Omeprazole,16
2024-04-22,Omeprazole,32
2024-04-23,Omeprazole,38
2024-04-24,Omeprazole,28
2024-04-25,Omeprazole,32
2024-04-26,Omeprazole,31
2024-04-27,Omeprazole,27
2024-04-28,Omeprazole,23
2024-04-29,Omeprazole,32
2024-04-30,Omeprazole,22
2024-05-01,Omeprazole,23
2024-05-02,Omeprazole,35
2024-05-03,Omeprazole,31
2024-05-04,Omeprazole,29
2024-05-05,Omeprazole,16
2024-05-06,Omeprazole,22
2024-05-07,Omeprazole,31
2024-05-08,Omeprazole,22
2024-05-09,Omeprazole,28
2024-05-10,Omeprazole,39
2024-05-11,Omeprazole,17
2024-05-12,Omeprazole,14
2024-05-13,Omeprazole,25
2024-05-14,Omeprazole,30
2024-05-15,Omeprazole,29
2024-05-16,Omeprazole,36
2024-05-17,Omeprazole,37
2024-05-18,Omeprazole,27
2024-05-19,Omeprazole,19
2024-05-20,Omeprazole,31
2024-05-21,Omeprazole,27
2024-05-22,Omeprazole,35
2024-05-23,Omeprazole,24
2024-05-24,Omeprazole,37
2024-05-25,Omeprazole,30
2024-05-26,Omeprazole,19
2024-05-27,Omeprazole,29
2024-05-28,Omeprazole,33
2024-05-29,Omeprazole,17
2024-05-30,Omeprazole,31
2024-05-31,Omeprazole,32
2024-06-01,Omeprazole,28
2024-06-02,Omeprazole,22
2024-06-03,Omeprazole,32
2024-06-04,Omeprazole,28
2024-06-05,Omeprazole,33
2024-06-06,Omeprazole,33
2024-06-07,Omeprazole,36
2024-06-08,Omeprazole,29
2024-06-09,Omeprazole,23
2024-06-10,Omeprazole,27
2024-06-11,Omeprazole,35
2024-06-12,Omeprazole,41
2024-06-13,Omeprazole,24
2024-06-14,Omeprazole,37
2024-06-15,Omeprazole,25
2024-06-16,Omeprazole,19
2024-06-17,Omeprazole,28
2024-06-18,Omeprazole,33
2024-06-19,Omeprazole,44
2024-06-20,Omeprazole,26
2024-06-21,Omeprazole,29
2024-06-22,Omeprazole,22
2024-06-23,Omeprazole,26
2024-06-24,Omeprazole,30
2024-06-25,Omeprazole,34
2024-06-26,Omeprazole,32
2024-06-27,Omeprazole,28
2024-06-28,Omeprazole,34
2024-06-29,Omeprazole,39
2024-06-30,Omeprazole,25
2024-07-01,Omeprazole,28
2024-07-02,Omeprazole,38
2024-07-03,Omeprazole,30
2024-07-04,Omeprazole,23
2024-07-05,Omeprazole,42
2024-07-06,Omeprazole,33
2024-07-07,Omeprazole,24
2024-07-08,Omeprazole,30
2024-07-09,Omeprazole,33
2024-07-10,Omeprazole,38
2024-07-11,Omeprazole,35
2024-07-12,Omeprazole,34
2024-07-13,Omeprazole,21
2024-07-14,Omeprazole,21
2024-07-15,Omeprazole,38
2024-07-16,Omeprazole,28
2024-07-17,Omeprazole,38
2024-07-18,Omeprazole,35
2024-07-19,Omeprazole,40
2024-07-20,Omeprazole,32
2024-07-21,Omeprazole,18
2024-07-22,Omeprazole,24
2024-07-23,Omeprazole,31
2024-07-24,Omeprazole,39
2024-07-25,Omeprazole,30
2024-07-26,Omeprazole,32
2024-07-27,Omeprazole,20
2024-07-28,Omeprazole,26
2024-07-29,Omeprazole,37
2024-07-30,Omeprazole,27
2024-07-31,Omeprazole,40
2024-08-01,Omeprazole,36
2024-08-02,Omeprazole,35
2024-08-03,Omeprazole,27
2024-08-04,Omeprazole,19
2024-08-05,Omeprazole,47
2024-08-06,Omeprazole,38
2024-08-07,Omeprazole,32
2024-08-08,Omeprazole,35
2024-08-09,Omeprazole,30
2024-08-10,Omeprazole,35
2024-08-11,Omeprazole,18
2024-08-12,Omeprazole,36
2024-08-13,Omeprazole,40
2024-08-14,Omeprazole,26
2024-08-15,Omeprazole,33
2024-08-16,Omeprazole,36
2024-08-17,Omeprazole,28
2024-08-18,Omeprazole,19
2024-08-19,Omeprazole,31
2024-08-20,Omeprazole,30
2024-08-21,Omeprazole,24
2024-08-22,Omeprazole,29
2024-08-23,Omeprazole,33
2024-08-24,Omeprazole,33
2024-08-25,Omeprazole,23
2024-08-26,Omeprazole,36
2024-08-27,Omeprazole,33
2024-08-28,Omeprazole,38
2024-08-29,Omeprazole,30
2024-08-30,Omeprazole,35
2024-08-31,Omeprazole,33
2024-09-01,Omeprazole,21
2024-09-02,Omeprazole,25
2024-09-03,Omeprazole,27
2024-09-04,Omeprazole,32
2024-09-05,Omeprazole,38
2024-09-06,Omeprazole,23
2024-09-07,Omeprazole,27
2024-09-08,Omeprazole,15
2024-09-09,Omeprazole,27
2024-09-10,Omeprazole,30
2024-09-11,Omeprazole,29
2024-09-12,Omeprazole,28
2024-09-13,Omeprazole,33
2024-09-14,Omeprazole,24
2024-09-15,Omeprazole,14
2024-09-16,Omeprazole,34
2024-09-17,Omeprazole,35
2024-09-18,Omeprazole,36
2024-09-19,Omeprazole,23
2024-09-20,Omeprazole,35
2024-09-21,Omeprazole,29
2024-09-22,Omeprazole,16
2024-09-23,Omeprazole,30
2024-09-24,Omeprazole,31
2024-09-25,Omeprazole,41
2024-09-26,Omeprazole,40
2024-09-27,Omeprazole,24
2024-09-28,Omeprazole,36
2024-09-29,Omeprazole,16
2024-09-30,Omeprazole,35
2024-10-01,Omeprazole,37
2024-10-02,Omeprazole,27
2024-10-03,Omeprazole,33
2024-10-04,Omeprazole,33
2024-10-05,Omeprazole,28
2024-10-06,Omeprazole,19
2024-10-07,Omeprazole,36
2024-10-08,Omeprazole,32
2024-10-09,Omeprazole,31
2024-10-10,Omeprazole,36
2024-10-11,Omeprazole,36
2024-10-12,Omeprazole,29
2024-10-13,Omeprazole,17
2024-10-14,Omeprazole,25
2024-10-15,Omeprazole,29
2024-10-16,Omeprazole,29
2024-10-17,Omeprazole,34
2024-10-18,Omeprazole,38
2024-10-19,Omeprazole,25
2024-10-20,Omeprazole,23
2024-10-21,Omeprazole,37
2024-10-22,Omeprazole,33
2024-10-23,Omeprazole,28
2024-10-24,Omeprazole,38
2024-10-25,Omeprazole,33
2024-10-26,Omeprazole,27
2024-10-27,Omeprazole,18
2024-10-28,Omeprazole,26
2024-10-29,Omeprazole,24
2024-10-30,Omeprazole,35
2024-10-31,Omeprazole,27
2024-11-01,Omeprazole,50
2024-11-02,Omeprazole,22
2024-11-03,Omeprazole,15
2024-11-04,Omeprazole,33
2024-11-05,Omeprazole,40
2024-11-06,Omeprazole,23
2024-11-07,Omeprazole,33
2024-11-08,Omeprazole,24
2024-11-09,Omeprazole,23
2024-11-10,Omeprazole,16
2024-11-11,Omeprazole,21
2024-11-12,Omeprazole,33
2024-11-13,Omeprazole,21
2024-11-14,Omeprazole,24
2024-11-15,Omeprazole,31
2024-11-16,Omeprazole,23
2024-11-17,Omeprazole,20
2024-11-18,Omeprazole,22
2024-11-19,Omeprazole,37
2024-11-20,Omeprazole,36
2024-11-21,Omeprazole,36
2024-11-22,Omeprazole,34
2024-11-23,Omeprazole,28
2024-11-24,Omeprazole,21
2024-11-25,Omeprazole,31
2024-11-26,Omeprazole,30
2024-11-27,Omeprazole,30
2024-11-28,Omeprazole,27
2024-11-29,Omeprazole,36
2024-11-30,Omeprazole,26
2024-12-01,Omeprazole,17
2024-12-02,Omeprazole,27
2024-12-03,Omeprazole,26
2024-12-04,Omeprazole,37
2024-12-05,Omeprazole,31
2024-12-06,Omeprazole,29
2024-12-07,Omeprazole,30
2024-12-08,Omeprazole,17
2024-12-09,Omeprazole,24
2024-12-10,Omeprazole,37
2024-12-11,Omeprazole,29
2024-12-12,Omeprazole,29
2024-12-13,Omeprazole,34
2024-12-14,Omeprazole,31
2024-12-15,Omeprazole,19
2024-12-16,Omeprazole,25
2024-12-17,Omeprazole,35
2024-12-18,Omeprazole,30
2024-12-19,Omeprazole,40
2024-12-20,Omeprazole,34
2024-12-21,Omeprazole,17
2024-12-22,Omeprazole,20
2024-12-23,Omeprazole,40
2024-12-24,Omeprazole,40
2024-12-25,Omeprazole,42
2024-12-26,Omeprazole,26
2024-12-27,Omeprazole,39
2024-12-28,Omeprazole,23
2024-12-29,Omeprazole,20
2024-12-30,Omeprazole,25
2024-12-31,Omeprazole,29
2023-01-01,Paracetamol,30
2023-01-02,Paracetamol,57
2023-01-03,Paracetamol,76
2023-01-04,Paracetamol,78
2023-01-05,Paracetamol,49
2023-01-06,Paracetamol,60
2023-01-07,Paracetamol,58
2023-01-08,Paracetamol,39
2023-01-09,Paracetamol,66
2023-01-10,Paracetamol,61
2023-01-11,Paracetamol,54
2023-01-12,Paracetamol,73
2023-01-13,Paracetamol,73
2023-01-14,Paracetamol,65
2023-01-15,Paracetamol,44
2023-01-16,Paracetamol,59
2023-01-17,Paracetamol,73
2023-01-18,Paracetamol,61
2023-01-19,Paracetamol,74
2023-01-20,Paracetamol,72
2023-01-21,Paracetamol,55
2023-01-22,Paracetamol,37
2023-01-23,Paracetamol,77
2023-01-24,Paracetamol,68
2023-01-25,Paracetamol,66
2023-01-26,Paracetamol,63
2023-01-27,Paracetamol,78
2023-01-28,Paracetamol,60
2023-01-29,Paracetamol,43
2023-01-30,Paracetamol,70
2023-01-31,Paracetamol,89
2023-02-01,Paracetamol,66
2023-02-02,Paracetamol,62
2023-02-03,Paracetamol,65
2023-02-04,Paracetamol,62
2023-02-05,Paracetamol,47
2023-02-06,Paracetamol,65
2023-02-07,Paracetamol,62
2023-02-08,Paracetamol,62
2023-02-09,Paracetamol,72
2023-02-10,Paracetamol,80
2023-02-11,Paracetamol,61
2023-02-12,Paracetamol,37
2023-02-13,Paracetamol,69
2023-02-14,Paracetamol,71
2023-02-15,Paracetamol,72
2023-02-16,Paracetamol,74
2023-02-17,Paracetamol,75
2023-02-18,Paracetamol,62
2023-02-19,Paracetamol,42
2023-02-20,Paracetamol,69
2023-02-21,Paracetamol,76
2023-02-22,Paracetamol,56
2023-02-23,Paracetamol,64
2023-02-24,Paracetamol,68
2023-02-25,Paracetamol,52
2023-02-26,Paracetamol,40
2023-02-27,Paracetamol,80
2023-02-28,Paracetamol,62
2023-03-01,Paracetamol,62
2023-03-02,Paracetamol,41
2023-03-03,Paracetamol,55
2023-03-04,Paracetamol,46
2023-03-05,Paracetamol,35
2023-03-06,Paracetamol,57
2023-03-07,Paracetamol,61
2023-03-08,Paracetamol,52
2023-03-09,Paracetamol,49
2023-03-10,Paracetamol,64
2023-03-11,Paracetamol,44
2023-03-12,Paracetamol,27
2023-03-13,Paracetamol,44
2023-03-14,Paracetamol,48
2023-03-15,Paracetamol,59
2023-03-16,Paracetamol,53
2023-03-17,Paracetamol,63
2023-03-18,Paracetamol,42
2023-03-19,Paracetamol,33
2023-03-20,Paracetamol,57
2023-03-21,Paracetamol,53
2023-03-22,Paracetamol,58
2023-03-23,Paracetamol,48
2023-03-24,Paracetamol,55
2023-03-25,Paracetamol,43
2023-03-26,Paracetamol,27
2023-03-27,Paracetamol,56
2023-03-28,Paracetamol,52
2023-03-29,Paracetamol,55
2023-03-30,Paracetamol,56
2023-03-31,Paracetamol,61
2023-04-01,Paracetamol,49
2023-04-02,Paracetamol,32
2023-04-03,Paracetamol,50
2023-04-04,Paracetamol,54
2023-04-05,Paracetamol,43
2023-04-06,Paracetamol,42
2023-04-07,Paracetamol,47
2023-04-08,Paracetamol,39
2023-04-09,Paracetamol,34
2023-04-10,Paracetamol,46
2023-04-11,Paracetamol,52
2023-04-12,Paracetamol,65
2023-04-13,Paracetamol,50
2023-04-14,Paracetamol,63
2023-04-15,Paracetamol,39
2023-04-16,Paracetamol,32
2023-04-17,Paracetamol,46
2023-04-18,Paracetamol,53
2023-04-19,Paracetamol,61
2023-04-20,Paracetamol,40
2023-04-21,Paracetamol,61
2023-04-22,Paracetamol,47
2023-04-23,Paracetamol,30
2023-04-24,Paracetamol,42
2023-04-25,Paracetamol,56
2023-04-26,Paracetamol,51
2023-04-27,Paracetamol,54
2023-04-28,Paracetamol,58
2023-04-29,Paracetamol,55
2023-04-30,Paracetamol,32
2023-05-01,Paracetamol,32
2023-05-02,Paracetamol,57
2023-05-03,Paracetamol,57
2023-05-04,Paracetamol,62
2023-05-05,Paracetamol,64
2023-05-06,Paracetamol,47
2023-05-07,Paracetamol,39
2023-05-08,Paracetamol,44
2023-05-09,Paracetamol,51
2023-05-10,Paracetamol,48
2023-05-11,Paracetamol,50
2023-05-12,Paracetamol,47
2023-05-13,Paracetamol,49
2023-05-14,Paracetamol,32
2023-05-15,Paracetamol,42
2023-05-16,Paracetamol,48
2023-05-17,Paracetamol,58
2023-05-18,Paracetamol,59
2023-05-19,Paracetamol,73
2023-05-20,Paracetamol,63
2023-05-21,Paracetamol,34
2023-05-22,Paracetamol,46
2023-05-23,Paracetamol,40
2023-05-24,Paracetamol,57
2023-05-25,Paracetamol,47
2023-05-26,Paracetamol,55
2023-05-27,Paracetamol,42
2023-05-28,Paracetamol,32
2023-05-29,Paracetamol,60
2023-05-30,Paracetamol,57
2023-05-31,Paracetamol,54
2023-06-01,Paracetamol,37
2023-06-02,Paracetamol,37
2023-06-03,Paracetamol,35
2023-06-04,Paracetamol,27
2023-06-05,Paracetamol,53
2023-06-06,Paracetamol,46
2023-06-07,Paracetamol,51
2023-06-08,Paracetamol,40
2023-06-09,Paracetamol,40
2023-06-10,Paracetamol,32
2023-06-11,Paracetamol,24
2023-06-12,Paracetamol,56
2023-06-13,Paracetamol,40
2023-06-14,Paracetamol,50
2023-06-15,Paracetamol,38
2023-06-16,Paracetamol,53
2023-06-17,Paracetamol,39
2023-06-18,Paracetamol,26
2023-06-19,Paracetamol,43
2023-06-20,Paracetamol,41
2023-06-21,Paracetamol,48
2023-06-22,Paracetamol,41
2023-06-23,Paracetamol,40
2023-06-24,Paracetamol,31
2023-06-25,Paracetamol,27
2023-06-26,Paracetamol,52
2023-06-27,Paracetamol,46
2023-06-28,Paracetamol,45
2023-06-29,Paracetamol,45
2023-06-30,Paracetamol,56
2023-07-01,Paracetamol,38
2023-07-02,Paracetamol,25
2023-07-03,Paracetamol,50
2023-07-04,Paracetamol,48
2023-07-05,Paracetamol,55
2023-07-06,Paracetamol,44
2023-07-07,Paracetamol,40
2023-07-08,Paracetamol,30
2023-07-09,Paracetamol,33
2023-07-10,Paracetamol,53
2023-07-11,Paracetamol,44
2023-07-12,Paracetamol,43
2023-07-13,Paracetamol,52
2023-07-14,Paracetamol,41
2023-07-15,Paracetamol,33
2023-07-16,Paracetamol,29
2023-07-17,Paracetamol,41
2023-07-18,Paracetamol,45
2023-07-19,Paracetamol,45
2023-07-20,Paracetamol,45
2023-07-21,Paracetamol,57
2023-07-22,Paracetamol,38
2023-07-23,Paracetamol,29
2023-07-24,Paracetamol,32
2023-07-25,Paracetamol,45
2023-07-26,Paracetamol,40
2023-07-27,Paracetamol,36
2023-07-28,Paracetamol,42
2023-07-29,Paracetamol,36
2023-07-30,Paracetamol,21
2023-07-31,Paracetamol,36
2023-08-01,Paracetamol,46
2023-08-02,Paracetamol,43
2023-08-03,Paracetamol,42
2023-08-04,Paracetamol,54
2023-08-05,Paracetamol,40
2023-08-06,Paracetamol,32
2023-08-07,Paracetamol,43
2023-08-08,Paracetamol,41
2023-08-09,Paracetamol,44
2023-08-10,Paracetamol,45
2023-08-11,Paracetamol,49
2023-08-12,Paracetamol,32
2023-08-13,Paracetamol,27
2023-08-14,Paracetamol,31
2023-08-15,Paracetamol,61
2023-08-16,Paracetamol,57
2023-08-17,Paracetamol,39
2023-08-18,Paracetamol,46
2023-08-19,Paracetamol,30
2023-08-20,Paracetamol,17
2023-08-21,Paracetamol,32
2023-08-22,Paracetamol,53
2023-08-23,Paracetamol,41
2023-08-24,Paracetamol,40
2023-08-25,Paracetamol,34
2023-08-26,Paracetamol,37
2023-08-27,Paracetamol,23
2023-08-28,Paracetamol,41
2023-08-29,Paracetamol,40
2023-08-30,Paracetamol,45
2023-08-31,Paracetamol,33
2023-09-01,Paracetamol,43
2023-09-02,Paracetamol,53
2023-09-03,Paracetamol,25
2023-09-04,Paracetamol,41
2023-09-05,Paracetamol,63
2023-09-06,Paracetamol,71
2023-09-07,Paracetamol,41
2023-09-08,Paracetamol,51
2023-09-09,Paracetamol,44
2023-09-10,Paracetamol,37
2023-09-11,Paracetamol,42
2023-09-12,Paracetamol,49
2023-09-13,Paracetamol,56
2023-09-14,Paracetamol,51
2023-09-15,Paracetamol,51
2023-09-16,Paracetamol,41
2023-09-17,Paracetamol,25
2023-09-18,Paracetamol,47
2023-09-19,Paracetamol,49
2023-09-20,Paracetamol,53
2023-09-21,Paracetamol,45
2023-09-22,Paracetamol,57
2023-09-23,Paracetamol,47
2023-09-24,Paracetamol,31
2023-09-25,Paracetamol,51
2023-09-26,Paracetamol,51
2023-09-27,Paracetamol,51
2023-09-28,Paracetamol,44
2023-09-29,Paracetamol,56
2023-09-30,Paracetamol,41
2023-10-01,Paracetamol,39
2023-10-02,Paracetamol,59
2023-10-03,Paracetamol,54
2023-10-04,Paracetamol,46
2023-10-05,Paracetamol,41
2023-10-06,Paracetamol,62
2023-10-07,Paracetamol,43
2023-10-08,Paracetamol,32
2023-10-09,Paracetamol,37
2023-10-10,Paracetamol,57
2023-10-11,Paracetamol,54
2023-10-12,Paracetamol,42
2023-10-13,Paracetamol,50
2023-10-14,Paracetamol,43
2023-10-15,Paracetamol,30
2023-10-16,Paracetamol,47
2023-10-17,Paracetamol,50
2023-10-18,Paracetamol,49
2023-10-19,Paracetamol,50
2023-10-20,Paracetamol,64
2023-10-21,Paracetamol,28
2023-10-22,Paracetamol,29
2023-10-23,Paracetamol,50
2023-10-24,Paracetamol,53
2023-10-25,Paracetamol,49
2023-10-26,Paracetamol,37
2023-10-27,Paracetamol,56
2023-10-28,Paracetamol,51
2023-10-29,Paracetamol,24
2023-10-30,Paracetamol,54
2023-10-31,Paracetamol,49
2023-11-01,Paracetamol,51
2023-11-02,Paracetamol,42
2023-11-03,Paracetamol,51
2023-11-04,Paracetamol,49
2023-11-05,Paracetamol,33
2023-11-06,Paracetamol,42
2023-11-07,Paracetamol,59
2023-11-08,Paracetamol,54
2023-11-09,Paracetamol,60
2023-11-10,Paracetamol,57
2023-11-11,Paracetamol,47
2023-11-12,Paracetamol,29
2023-11-13,Paracetamol,49
2023-11-14,Paracetamol,46
2023-11-15,Paracetamol,58
2023-11-16,Paracetamol,41
2023-11-17,Paracetamol,59
2023-11-18,Paracetamol,29
2023-11-19,Paracetamol,35
2023-11-20,Paracetamol,54
2023-11-21,Paracetamol,64
2023-11-22,Paracetamol,56
2023-11-23,Paracetamol,39
2023-11-24,Paracetamol,53
2023-11-25,Paracetamol,35
2023-11-26,Paracetamol,28
2023-11-27,Paracetamol,59
2023-11-28,Paracetamol,56
2023-11-29,Paracetamol,47
2023-11-30,Paracetamol,42
2023-12-01,Paracetamol,75
2023-12-02,Paracetamol,49
2023-12-03,Paracetamol,39
2023-12-04,Paracetamol,71
2023-12-05,Paracetamol,83
2023-12-06,Paracetamol,78
2023-12-07,Paracetamol,48
2023-12-08,Paracetamol,78
2023-12-09,Paracetamol,59
2023-12-10,Paracetamol,45
2023-12-11,Paracetamol,83
2023-12-12,Paracetamol,52
2023-12-13,Paracetamol,66
2023-12-14,Paracetamol,74
2023-12-15,Paracetamol,59
2023-12-16,Paracetamol,70
2023-12-17,Paracetamol,45
2023-12-18,Paracetamol,76
2023-12-19,Paracetamol,67
2023-12-20,Paracetamol,80
2023-12-21,Paracetamol,79
2023-12-22,Paracetamol,78
2023-12-23,Paracetamol,61
2023-12-24,Paracetamol,44
2023-12-25,Paracetamol,61
2023-12-26,Paracetamol,71
2023-12-27,Paracetamol,71
2023-12-28,Paracetamol,72
2023-12-29,Paracetamol,85
2023-12-30,Paracetamol,51
2023-12-31,Paracetamol,42
2024-01-01,Paracetamol,58
2024-01-02,Paracetamol,65
2024-01-03,Paracetamol,64
2024-01-04,Paracetamol,71
2024-01-05,Paracetamol,84
2024-01-06,Paracetamol,59
2024-01-07,Paracetamol,50
2024-01-08,Paracetamol,77
2024-01-09,Paracetamol,80
2024-01-10,Paracetamol,78
2024-01-11,Paracetamol,63
2024-01-12,Paracetamol,73
2024-01-13,Paracetamol,43
2024-01-14,Paracetamol,52
2024-01-15,Paracetamol,65
2024-01-16,Paracetamol,73
2024-01-17,Paracetamol,85
2024-01-18,Paracetamol,54
2024-01-19,Paracetamol,63
2024-01-20,Paracetamol,46
2024-01-21,Paracetamol,38
2024-01-22,Paracetamol,73
2024-01-23,Paracetamol,77
2024-01-24,Paracetamol,75
2024-01-25,Paracetamol,56
2024-01-26,Paracetamol,52
2024-01-27,Paracetamol,60
2024-01-28,Paracetamol,40
2024-01-29,Paracetamol,73
2024-01-30,Paracetamol,79
2024-01-31,Paracetamol,74
2024-02-01,Paracetamol,76
2024-02-02,Paracetamol,78
2024-02-03,Paracetamol,63
2024-02-04,Paracetamol,39
2024-02-05,Paracetamol,67
2024-02-06,Paracetamol,74
2024-02-07,Paracetamol,80
2024-02-08,Paracetamol,65
2024-02-09,Paracetamol,81
2024-02-10,Paracetamol,57
2024-02-11,Paracetamol,42
2024-02-12,Paracetamol,77
2024-02-13,Paracetamol,53
2024-02-14,Paracetamol,60
2024-02-15,Paracetamol,55
2024-02-16,Paracetamol,52
2024-02-17,Paracetamol,54
2024-02-18,Paracetamol,47
2024-02-19,Paracetamol,67
2024-02-20,Paracetamol,74
2024-02-21,Paracetamol,83
2024-02-22,Paracetamol,81
2024-02-23,Paracetamol,75
2024-02-24,Paracetamol,70
2024-02-25,Paracetamol,43
2024-02-26,Paracetamol,62
2024-02-27,Paracetamol,67
2024-02-28,Paracetamol,58
2024-02-29,Paracetamol,61
2024-03-01,Paracetamol,57
2024-03-02,Paracetamol,52
2024-03-03,Paracetamol,41
2024-03-04,Paracetamol,44
2024-03-05,Paracetamol,60
2024-03-06,Paracetamol,49
2024-03-07,Paracetamol,58
2024-03-08,Paracetamol,59
2024-03-09,Paracetamol,35
2024-03-10,Paracetamol,38
2024-03-11,Paracetamol,50
2024-03-12,Paracetamol,53
2024-03-13,Paracetamol,49
2024-03-14,Paracetamol,50
2024-03-15,Paracetamol,63
2024-03-16,Paracetamol,46
2024-03-17,Paracetamol,35
2024-03-18,Paracetamol,57
2024-03-19,Paracetamol,67
2024-03-20,Paracetamol,55
2024-03-21,Paracetamol,44
2024-03-22,Paracetamol,68
2024-03-23,Paracetamol,45
2024-03-24,Paracetamol,39
2024-03-25,Paracetamol,57
2024-03-26,Paracetamol,56
2024-03-27,Paracetamol,60
2024-03-28,Paracetamol,69
2024-03-29,Paracetamol,76
2024-03-30,Paracetamol,47
2024-03-31,Paracetamol,35
2024-04-01,Paracetamol,62
2024-04-02,Paracetamol,51
2024-04-03,Paracetamol,60
2024-04-04,Paracetamol,54
2024-04-05,Paracetamol,62
2024-04-06,Paracetamol,42
2024-04-07,Paracetamol,27
2024-04-08,Paracetamol,40
2024-04-09,Paracetamol,49
2024-04-10,Paracetamol,54
2024-04-11,Paracetamol,53
2024-04-12,Paracetamol,75
2024-04-13,Paracetamol,54
2024-04-14,Paracetamol,30
2024-04-15,Paracetamol,57
2024-04-16,Paracetamol,54
2024-04-17,Paracetamol,55
2024-04-18,Paracetamol,56
2024-04-19,Paracetamol,65
2024-04-20,Paracetamol,45
2024-04-21,Paracetamol,39
2024-04-22,Paracetamol,46
2024-04-23,Paracetamol,57
2024-04-24,Paracetamol,77
2024-04-25,Paracetamol,56
2024-04-26,Paracetamol,71
2024-04-27,Paracetamol,48
2024-04-28,Paracetamol,37
2024-04-29,Paracetamol,54
2024-04-30,Paracetamol,56
2024-05-01,Paracetamol,36
2024-05-02,Paracetamol,58
2024-05-03,Paracetamol,53
2024-05-04,Paracetamol,51
2024-05-05,Paracetamol,39
2024-05-06,Paracetamol,57
2024-05-07,Paracetamol,55
2024-05-08,Paracetamol,61
2024-05-09,Paracetamol,53
2024-05-10,Paracetamol,68
2024-05-11,Paracetamol,36
2024-05-12,Paracetamol,32
2024-05-13,Paracetamol,40
2024-05-14,Paracetamol,46
2024-05-15,Paracetamol,68
2024-05-16,Paracetamol,61
2024-05-17,Paracetamol,54
2024-05-18,Paracetamol,38
2024-05-19,Paracetamol,21
2024-05-20,Paracetamol,51
2024-05-21,Paracetamol,76
2024-05-22,Paracetamol,61
2024-05-23,Paracetamol,51
2024-05-24,Paracetamol,64
2024-05-25,Paracetamol,37
2024-05-26,Paracetamol,33
2024-05-27,Paracetamol,56
2024-05-28,Paracetamol,57
2024-05-29,Paracetamol,64
2024-05-30,Paracetamol,57
2024-05-31,Paracetamol,66
2024-06-01,Paracetamol,35
2024-06-02,Paracetamol,31
2024-06-03,Paracetamol,55
2024-06-04,Paracetamol,41
2024-06-05,Paracetamol,42
2024-06-06,Paracetamol,53
2024-06-07,Paracetamol,48
2024-06-08,Paracetamol,46
2024-06-09,Paracetamol,26
2024-06-10,Paracetamol,54
2024-06-11,Paracetamol,48
2024-06-12,Paracetamol,49
2024-06-13,Paracetamol,54
2024-06-14,Paracetamol,47
2024-06-15,Paracetamol,34
2024-06-16,Paracetamol,26
2024-06-17,Paracetamol,48
2024-06-18,Paracetamol,37
2024-06-19,Paracetamol,51
2024-06-20,Paracetamol,42
2024-06-21,Paracetamol,57
2024-06-22,Paracetamol,26
2024-06-23,Paracetamol,25
2024-06-24,Paracetamol,35
2024-06-25,Paracetamol,42
2024-06-26,Paracetamol,49
2024-06-27,Paracetamol,44
2024-06-28,Paracetamol,48
2024-06-29,Paracetamol,38
2024-06-30,Paracetamol,29
2024-07-01,Paracetamol,39
2024-07-02,Paracetamol,52
2024-07-03,Paracetamol,51
2024-07-04,Paracetamol,47
2024-07-05,Paracetamol,53
2024-07-06,Paracetamol,40
2024-07-07,Paracetamol,36
2024-07-08,Paracetamol,45
2024-07-09,Paracetamol,45
2024-07-10,Paracetamol,43
2024-07-11,Paracetamol,39
2024-07-12,Paracetamol,41
2024-07-13,Paracetamol,34
2024-07-14,Paracetamol,28
2024-07-15,Paracetamol,47
2024-07-16,Paracetamol,48
2024-07-17,Paracetamol,43
2024-07-18,Paracetamol,51
2024-07-19,Paracetamol,54
2024-07-20,Paracetamol,38
2024-07-21,Paracetamol,26
2024-07-22,Paracetamol,49
2024-07-23,Paracetamol,49
2024-07-24,Paracetamol,38
2024-07-25,Paracetamol,45
2024-07-26,Paracetamol,51
2024-07-27,Paracetamol,34
2024-07-28,Paracetamol,29
2024-07-29,Paracetamol,36
2024-07-30,Paracetamol,39
2024-07-31,Paracetamol,55
2024-08-01,Paracetamol,44
2024-08-02,Paracetamol,52
2024-08-03,Paracetamol,26
2024-08-04,Paracetamol,24
2024-08-05,Paracetamol,44
2024-08-06,Paracetamol,41
2024-08-07,Paracetamol,52
2024-08-08,Paracetamol,57
2024-08-09,Paracetamol,42
2024-08-10,Paracetamol,34
2024-08-11,Paracetamol,29
2024-08-12,Paracetamol,55
2024-08-13,Paracetamol,40
2024-08-14,Paracetamol,34
2024-08-15,Paracetamol,56
2024-08-16,Paracetamol,39
2024-08-17,Paracetamol,32
2024-08-18,Paracetamol,26
2024-08-19,Paracetamol,42
2024-08-20,Paracetamol,37
2024-08-21,Paracetamol,34
2024-08-22,Paracetamol,35
2024-08-23,Paracetamol,53
2024-08-24,Paracetamol,36
2024-08-25,Paracetamol,33
2024-08-26,Paracetamol,42
2024-08-27,Paracetamol,44
2024-08-28,Paracetamol,51
2024-08-29,Paracetamol,50
2024-08-30,Paracetamol,53
2024-08-31,Paracetamol,30
2024-09-01,Paracetamol,33
2024-09-02,Paracetamol,43
2024-09-03,Paracetamol,55
2024-09-04,Paracetamol,43
2024-09-05,Paracetamol,53
2024-09-06,Paracetamol,49
2024-09-07,Paracetamol,36
2024-09-08,Paracetamol,34
2024-09-09,Paracetamol,52
2024-09-10,Paracetamol,49
2024-09-11,Paracetamol,63
2024-09-12,Paracetamol,48
2024-09-13,Paracetamol,56
2024-09-14,Paracetamol,45
2024-09-15,Paracetamol,29
2024-09-16,Paracetamol,54
2024-09-17,Paracetamol,49
2024-09-18,Paracetamol,50
2024-09-19,Paracetamol,60
2024-09-20,Paracetamol,48
2024-09-21,Paracetamol,29
2024-09-22,Paracetamol,38
2024-09-23,Paracetamol,68
2024-09-24,Paracetamol,50
2024-09-25,Paracetamol,39
2024-09-26,Paracetamol,48
2024-09-27,Paracetamol,53
2024-09-28,Paracetamol,42
2024-09-29,Paracetamol,27
2024-09-30,Paracetamol,55
2024-10-01,Paracetamol,57
2024-10-02,Paracetamol,42
2024-10-03,Paracetamol,55
2024-10-04,Paracetamol,71
2024-10-05,Paracetamol,44
2024-10-06,Paracetamol,30
2024-10-07,Paracetamol,50
2024-10-08,Paracetamol,57
2024-10-09,Paracetamol,41
2024-10-10,Paracetamol,52
2024-10-11,Paracetamol,53
2024-10-12,Paracetamol,54
2024-10-13,Paracetamol,31
2024-10-14,Paracetamol,62
2024-10-15,Paracetamol,45
2024-10-16,Paracetamol,57
2024-10-17,Paracetamol,53
2024-10-18,Paracetamol,49
2024-10-19,Paracetamol,44
2024-10-20,Paracetamol,36
2024-10-21,Paracetamol,49
2024-10-22,Paracetamol,41
2024-10-23,Paracetamol,53
2024-10-24,Paracetamol,45
2024-10-25,Paracetamol,53
2024-10-26,Paracetamol,43
2024-10-27,Paracetamol,24
2024-10-28,Paracetamol,40
2024-10-29,Paracetamol,57
2024-10-30,Paracetamol,49
2024-10-31,Paracetamol,33
2024-11-01,Paracetamol,61
2024-11-02,Paracetamol,45
2024-11-03,Paracetamol,28
2024-11-04,Paracetamol,42
2024-11-05,Paracetamol,59
2024-11-06,Paracetamol,39
2024-11-07,Paracetamol,67
2024-11-08,Paracetamol,59
2024-11-09,Paracetamol,46
2024-11-10,Paracetamol,31
2024-11-11,Paracetamol,56
2024-11-12,Paracetamol,58
2024-11-13,Paracetamol,62
2024-11-14,Paracetamol,47
2024-11-15,Paracetamol,52
2024-11-16,Paracetamol,41
2024-11-17,Paracetamol,35
2024-11-18,Paracetamol,43
2024-11-19,Paracetamol,50
2024-11-20,Paracetamol,50
2024-11-21,Paracetamol,53
2024-11-22,Paracetamol,54
2024-11-23,Paracetamol,49
2024-11-24,Paracetamol,22
2024-11-25,Paracetamol,45
2024-11-26,Paracetamol,48
2024-11-27,Paracetamol,37
2024-11-28,Paracetamol,44
2024-11-29,Paracetamol,49
2024-11-30,Paracetamol,42
2024-12-01,Paracetamol,51
2024-12-02,Paracetamol,69
2024-12-03,Paracetamol,64
2024-12-04,Paracetamol,74
2024-12-05,Paracetamol,81
2024-12-06,Paracetamol,68
2024-12-07,Paracetamol,54
2024-12-08,Paracetamol,47
2024-12-09,Paracetamol,69
2024-12-10,Paracetamol,81
2024-12-11,Paracetamol,75
2024-12-12,Paracetamol,78
2024-12-13,Paracetamol,67
2024-12-14,Paracetamol,61
2024-12-15,Paracetamol,43
2024-12-16,Paracetamol,60
2024-12-17,Paracetamol,59
2024-12-18,Paracetamol,82
2024-12-19,Paracetamol,68
2024-12-20,Paracetamol,68
2024-12-21,Paracetamol,60
2024-12-22,Paracetamol,51
2024-12-23,Paracetamol,50
2024-12-24,Paracetamol,60
2024-12-25,Paracetamol,66
2024-12-26,Paracetamol,85
2024-12-27,Paracetamol,81
2024-12-28,Paracetamol,68
2024-12-29,Paracetamol,38
2024-12-30,Paracetamol,61
2024-12-31,Paracetamol,79
2023-01-01,Vitamine_D,18
2023-01-02,Vitamine_D,36
2023-01-03,Vitamine_D,55
2023-01-04,Vitamine_D,32
2023-01-05,Vitamine_D,38
2023-01-06,Vitamine_D,42
2023-01-07,Vitamine_D,35
2023-01-08,Vitamine_D,21
2023-01-09,Vitamine_D,40
2023-01-10,Vitamine_D,38
2023-01-11,Vitamine_D,19
2023-01-12,Vitamine_D,38
2023-01-13,Vitamine_D,32
2023-01-14,Vitamine_D,21
2023-01-15,Vitamine_D,24
2023-01-16,Vitamine_D,42
2023-01-17,Vitamine_D,44
2023-01-18,Vitamine_D,44
2023-01-19,Vitamine_D,23
2023-01-20,Vitamine_D,30
2023-01-21,Vitamine_D,46
2023-01-22,Vitamine_D,19
2023-01-23,Vitamine_D,43
2023-01-24,Vitamine_D,35
2023-01-25,Vitamine_D,41
2023-01-26,Vitamine_D,33
2023-01-27,Vitamine_D,47
2023-01-28,Vitamine_D,34
2023-01-29,Vitamine_D,22
2023-01-30,Vitamine_D,30
2023-01-31,Vitamine_D,42
2023-02-01,Vitamine_D,30
2023-02-02,Vitamine_D,42
2023-02-03,Vitamine_D,64
2023-02-04,Vitamine_D,42
2023-02-05,Vitamine_D,27
2023-02-06,Vitamine_D,38
2023-02-07,Vitamine_D,25
2023-02-08,Vitamine_D,30
2023-02-09,Vitamine_D,48
2023-02-10,Vitamine_D,36
2023-02-11,Vitamine_D,28
2023-02-12,Vitamine_D,23
2023-02-13,Vitamine_D,30
2023-02-14,Vitamine_D,31
2023-02-15,Vitamine_D,40
2023-02-16,Vitamine_D,32
2023-02-17,Vitamine_D,36
2023-02-18,Vitamine_D,28
2023-02-19,Vitamine_D,26
2023-02-20,Vitamine_D,37
2023-02-21,Vitamine_D,39
2023-02-22,Vitamine_D,45
2023-02-23,Vitamine_D,38
2023-02-24,Vitamine_D,40
2023-02-25,Vitamine_D,36
2023-02-26,Vitamine_D,27
2023-02-27,Vitamine_D,38
2023-02-28,Vitamine_D,41
2023-03-01,Vitamine_D,23
2023-03-02,Vitamine_D,21
2023-03-03,Vitamine_D,33
2023-03-04,Vitamine_D,24
2023-03-05,Vitamine_D,18
2023-03-06,Vitamine_D,27
2023-03-07,Vitamine_D,28
2023-03-08,Vitamine_D,31
2023-03-09,Vitamine_D,31
2023-03-10,Vitamine_D,34
2023-03-11,Vitamine_D,22
2023-03-12,Vitamine_D,21
2023-03-13,Vitamine_D,27
2023-03-14,Vitamine_D,31
2023-03-15,Vitamine_D,29
2023-03-16,Vitamine_D,27
2023-03-17,Vitamine_D,24
2023-03-18,Vitamine_D,26
2023-03-19,Vitamine_D,25
2023-03-20,Vitamine_D,24
2023-03-21,Vitamine_D,28
2023-03-22,Vitamine_D,25
2023-03-23,Vitamine_D,24
2023-03-24,Vitamine_D,38
2023-03-25,Vitamine_D,19
2023-03-26,Vitamine_D,15
2023-03-27,Vitamine_D,18
2023-03-28,Vitamine_D,23
2023-03-29,Vitamine_D,18
2023-03-30,Vitamine_D,30
2023-03-31,Vitamine_D,45
2023-04-01,Vitamine_D,21
2023-04-02,Vitamine_D,11
2023-04-03,Vitamine_D,31
2023-04-04,Vitamine_D,24
2023-04-05,Vitamine_D,35
2023-04-06,Vitamine_D,25
2023-04-07,Vitamine_D,25
2023-04-08,Vitamine_D,22
2023-04-09,Vitamine_D,19
2023-04-10,Vitamine_D,25
2023-04-11,Vitamine_D,25
2023-04-12,Vitamine_D,27
2023-04-13,Vitamine_D,20
2023-04-14,Vitamine_D,31
2023-04-15,Vitamine_D,15
2023-04-16,Vitamine_D,15
2023-04-17,Vitamine_D,31
2023-04-18,Vitamine_D,29
2023-04-19,Vitamine_D,31
2023-04-20,Vitamine_D,26
2023-04-21,Vitamine_D,36
2023-04-22,Vitamine_D,27
2023-04-23,Vitamine_D,18
2023-04-24,Vitamine_D,32
2023-04-25,Vitamine_D,32
2023-04-26,Vitamine_D,25
2023-04-27,Vitamine_D,19
2023-04-28,Vitamine_D,32
2023-04-29,Vitamine_D,25
2023-04-30,Vitamine_D,20
2023-05-01,Vitamine_D,15
2023-05-02,Vitamine_D,23
2023-05-03,Vitamine_D,31
2023-05-04,Vitamine_D,26
2023-05-05,Vitamine_D,18
2023-05-06,Vitamine_D,25
2023-05-07,Vitamine_D,10
2023-05-08,Vitamine_D,22
2023-05-09,Vitamine_D,36
2023-05-10,Vitamine_D,38
2023-05-11,Vitamine_D,20
2023-05-12,Vitamine_D,27
2023-05-13,Vitamine_D,23
2023-05-14,Vitamine_D,23
2023-05-15,Vitamine_D,24
2023-05-16,Vitamine_D,25
2023-05-17,Vitamine_D,37
2023-05-18,Vitamine_D,25
2023-05-19,Vitamine_D,34
2023-05-20,Vitamine_D,16
2023-05-21,Vitamine_D,16
2023-05-22,Vitamine_D,18
2023-05-23,Vitamine_D,22
2023-05-24,Vitamine_D,33
2023-05-25,Vitamine_D,27
2023-05-26,Vitamine_D,28
2023-05-27,Vitamine_D,20
2023-05-28,Vitamine_D,16
2023-05-29,Vitamine_D,29
2023-05-30,Vitamine_D,34
2023-05-31,Vitamine_D,13
2023-06-01,Vitamine_D,13
2023-06-02,Vitamine_D,18
2023-06-03,Vitamine_D,13
2023-06-04,Vitamine_D,11
2023-06-05,Vitamine_D,17
2023-06-06,Vitamine_D,16
2023-06-07,Vitamine_D,15
2023-06-08,Vitamine_D,15
2023-06-09,Vitamine_D,21
2023-06-10,Vitamine_D,12
2023-06-11,Vitamine_D,10
2023-06-12,Vitamine_D,16
2023-06-13,Vitamine_D,22
2023-06-14,Vitamine_D,16
2023-06-15,Vitamine_D,19
2023-06-16,Vitamine_D,22
2023-06-17,Vitamine_D,13
2023-06-18,Vitamine_D,9
2023-06-19,Vitamine_D,15
2023-06-20,Vitamine_D,16
2023-06-21,Vitamine_D,20
2023-06-22,Vitamine_D,17
2023-06-23,Vitamine_D,18
2023-06-24,Vitamine_D,11
2023-06-25,Vitamine_D,8
2023-06-26,Vitamine_D,23
2023-06-27,Vitamine_D,16
2023-06-28,Vitamine_D,14
2023-06-29,Vitamine_D,21
2023-06-30,Vitamine_D,19
2023-07-01,Vitamine_D,15
2023-07-02,Vitamine_D,10
2023-07-03,Vitamine_D,15
2023-07-04,Vitamine_D,16
2023-07-05,Vitamine_D,12
2023-07-06,Vitamine_D,16
2023-07-07,Vitamine_D,19
2023-07-08,Vitamine_D,19
2023-07-09,Vitamine_D,10
2023-07-10,Vitamine_D,9
2023-07-11,Vitamine_D,17
2023-07-12,Vitamine_D,26
2023-07-13,Vitamine_D,19
2023-07-14,Vitamine_D,15
2023-07-15,Vitamine_D,15
2023-07-16,Vitamine_D,9
2023-07-17,Vitamine_D,12
2023-07-18,Vitamine_D,16
2023-07-19,Vitamine_D,17
2023-07-20,Vitamine_D,10
2023-07-21,Vitamine_D,14
2023-07-22,Vitamine_D,14
2023-07-23,Vitamine_D,9
2023-07-24,Vitamine_D,17
2023-07-25,Vitamine_D,13
2023-07-26,Vitamine_D,19
2023-07-27,Vitamine_D,12
2023-07-28,Vitamine_D,24
2023-07-29,Vitamine_D,9
2023-07-30,Vitamine_D,6
2023-07-31,Vitamine_D,18
2023-08-01,Vitamine_D,23
2023-08-02,Vitamine_D,18
2023-08-03,Vitamine_D,18
2023-08-04,Vitamine_D,18
2023-08-05,Vitamine_D,11
2023-08-06,Vitamine_D,9
2023-08-07,Vitamine_D,12
2023-08-08,Vitamine_D,13
2023-08-09,Vitamine_D,18
2023-08-10,Vitamine_D,13
2023-08-11,Vitamine_D,19
2023-08-12,Vitamine_D,10
2023-08-13,Vitamine_D,11
2023-08-14,Vitamine_D,10
2023-08-15,Vitamine_D,22
2023-08-16,Vitamine_D,18
2023-08-17,Vitamine_D,20
2023-08-18,Vitamine_D,15
2023-08-19,Vitamine_D,14
2023-08-20,Vitamine_D,6
2023-08-21,Vitamine_D,11
2023-08-22,Vitamine_D,16
2023-08-23,Vitamine_D,15
2023-08-24,Vitamine_D,12
2023-08-25,Vitamine_D,13
2023-08-26,Vitamine_D,7
2023-08-27,Vitamine_D,8
2023-08-28,Vitamine_D,19
2023-08-29,Vitamine_D,12
2023-08-30,Vitamine_D,13
2023-08-31,Vitamine_D,22
2023-09-01,Vitamine_D,23
2023-09-02,Vitamine_D,21
2023-09-03,Vitamine_D,16
2023-09-04,Vitamine_D,27
2023-09-05,Vitamine_D,17
2023-09-06,Vitamine_D,24
2023-09-07,Vitamine_D,16
2023-09-08,Vitamine_D,39
2023-09-09,Vitamine_D,14
2023-09-10,Vitamine_D,12
2023-09-11,Vitamine_D,19
2023-09-12,Vitamine_D,17
2023-09-13,Vitamine_D,32
2023-09-14,Vitamine_D,35
2023-09-15,Vitamine_D,23
2023-09-16,Vitamine_D,15
2023-09-17,Vitamine_D,8
2023-09-18,Vitamine_D,23
2023-09-19,Vitamine_D,23
2023-09-20,Vitamine_D,22
2023-09-21,Vitamine_D,25
2023-09-22,Vitamine_D,28
2023-09-23,Vitamine_D,22
2023-09-24,Vitamine_D,14
2023-09-25,Vitamine_D,19
2023-09-26,Vitamine_D,28
2023-09-27,Vitamine_D,25
2023-09-28,Vitamine_D,28
2023-09-29,Vitamine_D,30
2023-09-30,Vitamine_D,15
2023-10-01,Vitamine_D,11
2023-10-02,Vitamine_D,20
2023-10-03,Vitamine_D,20
2023-10-04,Vitamine_D,29
2023-10-05,Vitamine_D,26
2023-10-06,Vitamine_D,32
2023-10-07,Vitamine_D,22
2023-10-08,Vitamine_D,15
2023-10-09,Vitamine_D,30
2023-10-10,Vitamine_D,27
2023-10-11,Vitamine_D,25
2023-10-12,Vitamine_D,31
2023-10-13,Vitamine_D,27
2023-10-14,Vitamine_D,19
2023-10-15,Vitamine_D,12
2023-10-16,Vitamine_D,27
2023-10-17,Vitamine_D,31
2023-10-18,Vitamine_D,25
2023-10-19,Vitamine_D,30
2023-10-20,Vitamine_D,16
2023-10-21,Vitamine_D,20
2023-10-22,Vitamine_D,15
2023-10-23,Vitamine_D,21
2023-10-24,Vitamine_D,37
2023-10-25,Vitamine_D,25
2023-10-26,Vitamine_D,22
2023-10-27,Vitamine_D,27
2023-10-28,Vitamine_D,12
2023-10-29,Vitamine_D,13
2023-10-30,Vitamine_D,29
2023-10-31,Vitamine_D,22
2023-11-01,Vitamine_D,21
2023-11-02,Vitamine_D,31
2023-11-03,Vitamine_D,34
2023-11-04,Vitamine_D,23
2023-11-05,Vitamine_D,14
2023-11-06,Vitamine_D,16
2023-11-07,Vitamine_D,21
2023-11-08,Vitamine_D,20
2023-11-09,Vitamine_D,19
2023-11-10,Vitamine_D,23
2023-11-11,Vitamine_D,17
2023-11-12,Vitamine_D,10
2023-11-13,Vitamine_D,25
2023-11-14,Vitamine_D,27
2023-11-15,Vitamine_D,34
2023-11-16,Vitamine_D,21
2023-11-17,Vitamine_D,28
2023-11-18,Vitamine_D,16
2023-11-19,Vitamine_D,14
2023-11-20,Vitamine_D,28
2023-11-21,Vitamine_D,30
2023-11-22,Vitamine_D,27
2023-11-23,Vitamine_D,23
2023-11-24,Vitamine_D,25
2023-11-25,Vitamine_D,15
2023-11-26,Vitamine_D,13
2023-11-27,Vitamine_D,21
2023-11-28,Vitamine_D,20
2023-11-29,Vitamine_D,28
2023-11-30,Vitamine_D,30
2023-12-01,Vitamine_D,40
2023-12-02,Vitamine_D,40
2023-12-03,Vitamine_D,22
2023-12-04,Vitamine_D,41
2023-12-05,Vitamine_D,40
2023-12-06,Vitamine_D,52
2023-12-07,Vitamine_D,38
2023-12-08,Vitamine_D,58
2023-12-09,Vitamine_D,36
2023-12-10,Vitamine_D,24
2023-12-11,Vitamine_D,33
2023-12-12,Vitamine_D,49
2023-12-13,Vitamine_D,55
2023-12-14,Vitamine_D,47
2023-12-15,Vitamine_D,70
2023-12-16,Vitamine_D,49
2023-12-17,Vitamine_D,26
2023-12-18,Vitamine_D,42
2023-12-19,Vitamine_D,51
2023-12-20,Vitamine_D,39
2023-12-21,Vitamine_D,55
2023-12-22,Vitamine_D,52
2023-12-23,Vitamine_D,40
2023-12-24,Vitamine_D,31
2023-12-25,Vitamine_D,60
2023-12-26,Vitamine_D,48
2023-12-27,Vitamine_D,46
2023-12-28,Vitamine_D,58
2023-12-29,Vitamine_D,58
2023-12-30,Vitamine_D,36
2023-12-31,Vitamine_D,28
2024-01-01,Vitamine_D,33
2024-01-02,Vitamine_D,50
2024-01-03,Vitamine_D,34
2024-01-04,Vitamine_D,31
2024-01-05,Vitamine_D,40
2024-01-06,Vitamine_D,31
2024-01-07,Vitamine_D,24
2024-01-08,Vitamine_D,51
2024-01-09,Vitamine_D,45
2024-01-10,Vitamine_D,49
2024-01-11,Vitamine_D,24
2024-01-12,Vitamine_D,45
2024-01-13,Vitamine_D,43
2024-01-14,Vitamine_D,31
2024-01-15,Vitamine_D,38
2024-01-16,Vitamine_D,49
2024-01-17,Vitamine_D,68
2024-01-18,Vitamine_D,45
2024-01-19,Vitamine_D,42
2024-01-20,Vitamine_D,37
2024-01-21,Vitamine_D,28
2024-01-22,Vitamine_D,44
2024-01-23,Vitamine_D,47
2024-01-24,Vitamine_D,34
2024-01-25,Vitamine_D,36
2024-01-26,Vitamine_D,48
2024-01-27,Vitamine_D,37
2024-01-28,Vitamine_D,25
2024-01-29,Vitamine_D,44
2024-01-30,Vitamine_D,48
2024-01-31,Vitamine_D,56
2024-02-01,Vitamine_D,44
2024-02-02,Vitamine_D,54
2024-02-03,Vitamine_D,35
2024-02-04,Vitamine_D,31
2024-02-05,Vitamine_D,49
2024-02-06,Vitamine_D,56
2024-02-07,Vitamine_D,54
2024-02-08,Vitamine_D,51
2024-02-09,Vitamine_D,49
2024-02-10,Vitamine_D,41
2024-02-11,Vitamine_D,34
2024-02-12,Vitamine_D,40
2024-02-13,Vitamine_D,42
2024-02-14,Vitamine_D,49
2024-02-15,Vitamine_D,49
2024-02-16,Vitamine_D,42
2024-02-17,Vitamine_D,38
2024-02-18,Vitamine_D,28
2024-02-19,Vitamine_D,25
2024-02-20,Vitamine_D,46
2024-02-21,Vitamine_D,46
2024-02-22,Vitamine_D,44
2024-02-23,Vitamine_D,64
2024-02-24,Vitamine_D,30
2024-02-25,Vitamine_D,24
2024-02-26,Vitamine_D,22
2024-02-27,Vitamine_D,43
2024-02-28,Vitamine_D,44
2024-02-29,Vitamine_D,41
2024-03-01,Vitamine_D,41
2024-03-02,Vitamine_D,31
2024-03-03,Vitamine_D,19
2024-03-04,Vitamine_D,28
2024-03-05,Vitamine_D,39
2024-03-06,Vitamine_D,32
2024-03-07,Vitamine_D,26
2024-03-08,Vitamine_D,22
2024-03-09,Vitamine_D,24
2024-03-10,Vitamine_D,22
2024-03-11,Vitamine_D,45
2024-03-12,Vitamine_D,33
2024-03-13,Vitamine_D,27
2024-03-14,Vitamine_D,23
2024-03-15,Vitamine_D,37
2024-03-16,Vitamine_D,17
2024-03-17,Vitamine_D,21
2024-03-18,Vitamine_D,36
2024-03-19,Vitamine_D,35
2024-03-20,Vitamine_D,31
2024-03-21,Vitamine_D,34
2024-03-22,Vitamine_D,35
2024-03-23,Vitamine_D,22
2024-03-24,Vitamine_D,26
2024-03-25,Vitamine_D,29
2024-03-26,Vitamine_D,37
2024-03-27,Vitamine_D,17
2024-03-28,Vitamine_D,39
2024-03-29,Vitamine_D,44
2024-03-30,Vitamine_D,27
2024-03-31,Vitamine_D,21
2024-04-01,Vitamine_D,34
2024-04-02,Vitamine_D,28
2024-04-03,Vitamine_D,36
2024-04-04,Vitamine_D,26
2024-04-05,Vitamine_D,30
2024-04-06,Vitamine_D,33
2024-04-07,Vitamine_D,23
2024-04-08,Vitamine_D,27
2024-04-09,Vitamine_D,28
2024-04-10,Vitamine_D,28
2024-04-11,Vitamine_D,36
2024-04-12,Vitamine_D,27
2024-04-13,Vitamine_D,29
2024-04-14,Vitamine_D,22
2024-04-15,Vitamine_D,31
2024-04-16,Vitamine_D,39
2024-04-17,Vitamine_D,31
2024-04-18,Vitamine_D,30
2024-04-19,Vitamine_D,27
2024-04-20,Vitamine_D,32
2024-04-21,Vitamine_D,16
2024-04-22,Vitamine_D,33
2024-04-23,Vitamine_D,32
2024-04-24,Vitamine_D,26
2024-04-25,Vitamine_D,27
2024-04-26,Vitamine_D,44
2024-04-27,Vitamine_D,28
2024-04-28,Vitamine_D,15
2024-04-29,Vitamine_D,33
2024-04-30,Vitamine_D,32
2024-05-01,Vitamine_D,39
2024-05-02,Vitamine_D,33
2024-05-03,Vitamine_D,32
2024-05-04,Vitamine_D,35
2024-05-05,Vitamine_D,12
2024-05-06,Vitamine_D,32
2024-05-07,Vitamine_D,46
2024-05-08,Vitamine_D,32
2024-05-09,Vitamine_D,21
2024-05-10,Vitamine_D,32
2024-05-11,Vitamine_D,35
2024-05-12,Vitamine_D,21
2024-05-13,Vitamine_D,26
2024-05-14,Vitamine_D,28
2024-05-15,Vitamine_D,29
2024-05-16,Vitamine_D,34
2024-05-17,Vitamine_D,44
2024-05-18,Vitamine_D,33
2024-05-19,Vitamine_D,21
2024-05-20,Vitamine_D,23
2024-05-21,Vitamine_D,24
2024-05-22,Vitamine_D,37
2024-05-23,Vitamine_D,23
2024-05-24,Vitamine_D,33
2024-05-25,Vitamine_D,29
2024-05-26,Vitamine_D,15
2024-05-27,Vitamine_D,25
2024-05-28,Vitamine_D,33
2024-05-29,Vitamine_D,37
2024-05-30,Vitamine_D,38
2024-05-31,Vitamine_D,39
2024-06-01,Vitamine_D,16
2024-06-02,Vitamine_D,10
2024-06-03,Vitamine_D,15
2024-06-04,Vitamine_D,17
2024-06-05,Vitamine_D,21
2024-06-06,Vitamine_D,20
2024-06-07,Vitamine_D,12
2024-06-08,Vitamine_D,13
2024-06-09,Vitamine_D,14
2024-06-10,Vitamine_D,19
2024-06-11,Vitamine_D,14
2024-06-12,Vitamine_D,29
2024-06-13,Vitamine_D,18
2024-06-14,Vitamine_D,22
2024-06-15,Vitamine_D,17
2024-06-16,Vitamine_D,11
2024-06-17,Vitamine_D,16
2024-06-18,Vitamine_D,28
2024-06-19,Vitamine_D,23
2024-06-20,Vitamine_D,22
2024-06-21,Vitamine_D,23
2024-06-22,Vitamine_D,13
2024-06-23,Vitamine_D,15
2024-06-24,Vitamine_D,16
2024-06-25,Vitamine_D,21
2024-06-26,Vitamine_D,13
2024-06-27,Vitamine_D,11
2024-06-28,Vitamine_D,22
2024-06-29,Vitamine_D,13
2024-06-30,Vitamine_D,7
2024-07-01,Vitamine_D,21
2024-07-02,Vitamine_D,28
2024-07-03,Vitamine_D,25
2024-07-04,Vitamine_D,18
2024-07-05,Vitamine_D,21
2024-07-06,Vitamine_D,19
2024-07-07,Vitamine_D,14
2024-07-08,Vitamine_D,17
2024-07-09,Vitamine_D,20
2024-07-10,Vitamine_D,21
2024-07-11,Vitamine_D,21
2024-07-12,Vitamine_D,20
2024-07-13,Vitamine_D,16
2024-07-14,Vitamine_D,15
2024-07-15,Vitamine_D,23
2024-07-16,Vitamine_D,22
2024-07-17,Vitamine_D,27
2024-07-18,Vitamine_D,17
2024-07-19,Vitamine_D,27
2024-07-20,Vitamine_D,18
2024-07-21,Vitamine_D,19
2024-07-22,Vitamine_D,14
2024-07-23,Vitamine_D,17
2024-07-24,Vitamine_D,21
2024-07-25,Vitamine_D,20
2024-07-26,Vitamine_D,29
2024-07-27,Vitamine_D,14
2024-07-28,Vitamine_D,14
2024-07-29,Vitamine_D,23
2024-07-30,Vitamine_D,16
2024-07-31,Vitamine_D,16
2024-08-01,Vitamine_D,24
2024-08-02,Vitamine_D,26
2024-08-03,Vitamine_D,18
2024-08-04,Vitamine_D,12
2024-08-05,Vitamine_D,20
2024-08-06,Vitamine_D,20
2024-08-07,Vitamine_D,22
2024-08-08,Vitamine_D,19
2024-08-09,Vitamine_D,17
2024-08-10,Vitamine_D,13
2024-08-11,Vitamine_D,10
2024-08-12,Vitamine_D,20
2024-08-13,Vitamine_D,20
2024-08-14,Vitamine_D,15
2024-08-15,Vitamine_D,21
2024-08-16,Vitamine_D,18
2024-08-17,Vitamine_D,21
2024-08-18,Vitamine_D,11
2024-08-19,Vitamine_D,17
2024-08-20,Vitamine_D,15
2024-08-21,Vitamine_D,9
2024-08-22,Vitamine_D,16
2024-08-23,Vitamine_D,25
2024-08-24,Vitamine_D,11
2024-08-25,Vitamine_D,14
2024-08-26,Vitamine_D,25
2024-08-27,Vitamine_D,19
2024-08-28,Vitamine_D,21
2024-08-29,Vitamine_D,23
2024-08-30,Vitamine_D,19
2024-08-31,Vitamine_D,19
2024-09-01,Vitamine_D,15
2024-09-02,Vitamine_D,25
2024-09-03,Vitamine_D,24
2024-09-04,Vitamine_D,31
2024-09-05,Vitamine_D,34
2024-09-06,Vitamine_D,29
2024-09-07,Vitamine_D,18
2024-09-08,Vitamine_D,13
2024-09-09,Vitamine_D,30
2024-09-10,Vitamine_D,39
2024-09-11,Vitamine_D,31
2024-09-12,Vitamine_D,25
2024-09-13,Vitamine_D,35
2024-09-14,Vitamine_D,22
2024-09-15,Vitamine_D,16
2024-09-16,Vitamine_D,22
2024-09-17,Vitamine_D,37
2024-09-18,Vitamine_D,14
2024-09-19,Vitamine_D,32
2024-09-20,Vitamine_D,27
2024-09-21,Vitamine_D,22
2024-09-22,Vitamine_D,23
2024-09-23,Vitamine_D,24
2024-09-24,Vitamine_D,25
2024-09-25,Vitamine_D,28
2024-09-26,Vitamine_D,30
2024-09-27,Vitamine_D,28
2024-09-28,Vitamine_D,16
2024-09-29,Vitamine_D,14
2024-09-30,Vitamine_D,35
2024-10-01,Vitamine_D,29
2024-10-02,Vitamine_D,32
2024-10-03,Vitamine_D,26
2024-10-04,Vitamine_D,26
2024-10-05,Vitamine_D,32
2024-10-06,Vitamine_D,17
2024-10-07,Vitamine_D,25
2024-10-08,Vitamine_D,35
2024-10-09,Vitamine_D,25
2024-10-10,Vitamine_D,24
2024-10-11,Vitamine_D,31
2024-10-12,Vitamine_D,24
2024-10-13,Vitamine_D,18
2024-10-14,Vitamine_D,39
2024-10-15,Vitamine_D,31
2024-10-16,Vitamine_D,15
2024-10-17,Vitamine_D,30
2024-10-18,Vitamine_D,31
2024-10-19,Vitamine_D,24
2024-10-20,Vitamine_D,18
2024-10-21,Vitamine_D,28
2024-10-22,Vitamine_D,29
2024-10-23,Vitamine_D,33
2024-10-24,Vitamine_D,25
2024-10-25,Vitamine_D,25
2024-10-26,Vitamine_D,38
2024-10-27,Vitamine_D,15
2024-10-28,Vitamine_D,29
2024-10-29,Vitamine_D,21
2024-10-30,Vitamine_D,30
2024-10-31,Vitamine_D,23
2024-11-01,Vitamine_D,28
2024-11-02,Vitamine_D,29
2024-11-03,Vitamine_D,19
2024-11-04,Vitamine_D,31
2024-11-05,Vitamine_D,19
2024-11-06,Vitamine_D,28
2024-11-07,Vitamine_D,21
2024-11-08,Vitamine_D,40
2024-11-09,Vitamine_D,29
2024-11-10,Vitamine_D,19
2024-11-11,Vitamine_D,23
2024-11-12,Vitamine_D,30
2024-11-13,Vitamine_D,27
2024-11-14,Vitamine_D,28
2024-11-15,Vitamine_D,29
2024-11-16,Vitamine_D,14
2024-11-17,Vitamine_D,21
2024-11-18,Vitamine_D,19
2024-11-19,Vitamine_D,27
2024-11-20,Vitamine_D,26
2024-11-21,Vitamine_D,30
2024-11-22,Vitamine_D,25
2024-11-23,Vitamine_D,13
2024-11-24,Vitamine_D,19
2024-11-25,Vitamine_D,31
2024-11-26,Vitamine_D,28
2024-11-27,Vitamine_D,23
2024-11-28,Vitamine_D,29
2024-11-29,Vitamine_D,22
2024-11-30,Vitamine_D,19
2024-12-01,Vitamine_D,27
2024-12-02,Vitamine_D,60
2024-12-03,Vitamine_D,50
2024-12-04,Vitamine_D,49
2024-12-05,Vitamine_D,71
2024-12-06,Vitamine_D,60
2024-12-07,Vitamine_D,47
2024-12-08,Vitamine_D,29
2024-12-09,Vitamine_D,45
2024-12-10,Vitamine_D,30
2024-12-11,Vitamine_D,64
2024-12-12,Vitamine_D,56
2024-12-13,Vitamine_D,54
2024-12-14,Vitamine_D,43
2024-12-15,Vitamine_D,36
2024-12-16,Vitamine_D,35
2024-12-17,Vitamine_D,47
2024-12-18,Vitamine_D,42
2024-12-19,Vitamine_D,70
2024-12-20,Vitamine_D,66
2024-12-21,Vitamine_D,25
2024-12-22,Vitamine_D,22
2024-12-23,Vitamine_D,50
2024-12-24,Vitamine_D,49
2024-12-25,Vitamine_D,40
2024-12-26,Vitamine_D,72
2024-12-27,Vitamine_D,60
2024-12-28,Vitamine_D,48
2024-12-29,Vitamine_D,28
2024-12-30,Vitamine_D,59
2024-12-31,Vitamine_D,50
